id,name
0,复方百部止咳颗粒
1,依托红霉素颗粒
2,小儿百部止咳糖浆
3,大蒜素胶囊
4,红霉素肠溶片
5,鹭鸶咯丸
6,复方虫草补肾口服液
7,依托红霉素混悬液
8,复方菠萝蛋白酶肠溶片
9,琥乙红霉素片
10,土霉素片
11,琥乙红霉素颗粒
12,低糖型
13,环酯红霉素胶囊
14,白及颗粒
15,氨苄西林胶囊
16,布美他尼片
17,十一味金色丸
18,盐酸利多卡因注射液
19,大月晶丸
20,二维葡醛内酯片
21,注射用鼠神经生长因子
22,地塞米松磷酸钠注射液
23,季德胜蛇药片
24,注射用硫代硫酸钠
25,二十五味绿绒蒿丸
26,仁青芒觉
27,秘诀清凉散
28,小儿肺热咳喘颗粒
29,复方蛤青胶囊
30,盐酸米诺环素胶囊
31,白葡奈氏菌片
32,小青龙颗粒
33,盐酸班布特罗片
34,胸腺肽肠溶片
35,肺宁片
36,咳特灵胶囊
37,蛇胆川贝液
38,氨溴特罗口服溶液
39,肺宁丸
40,盐酸丙卡特罗片
41,消咳喘糖浆
42,金荞麦片
43,硫酸沙丁胺醇片
44,茶碱缓释片
45,十五味龙胆花丸
46,复方甲氧那明胶囊
47,盐酸溴己新葡萄糖注射液
48,人血白蛋白
49,注射用还原型谷胱甘肽
50,注射用过氧化碳酰胺
51,注射用盐酸氨溴索
52,盐酸氨溴索葡萄糖注射液
53,托西酸舒他西林胶囊
54,头孢泊肟酯胶囊
55,头孢氨苄甲氧苄啶片
56,注射用盐酸头孢替安
57,注射用磺苄西林钠
58,阿莫西林颗粒
59,阿奇霉素片
60,通宣理肺丸
61,雪梨膏
62,阿奇霉素颗粒
63,头孢克肟颗粒
64,肺力咳合剂
65,盐酸克林霉素棕榈酸酯分散片
66,克拉霉素分散片
67,头孢丙烯分散片
68,罗红霉素软胶囊
69,阿奇霉素干混悬剂
70,加替沙星分散片
71,养阴清肺丸
72,头孢克洛颗粒
73,阿莫西林胶囊
74,罗红霉素分散片
75,注射用盐酸溴己新
76,云南花粉片
77,甲硝唑维B6片
78,甲硝唑片
79,替硝唑片
80,奥硝唑片
81,注射用甲泼尼龙琥珀酸钠
82,雷公藤多苷片
83,甲泼尼龙片
84,桉柠蒎肠溶软胶囊
85,清肺十八味丸
86,4:1分散片
87,4:1
88,阿莫西林克拉维酸钾片
89,8:1
90,盐酸克林霉素胶囊
91,回生甘露丸
92,克霉唑阴道片
93,环吡酮胺乳膏
94,克霉唑乳膏
95,双唑泰软膏
96,硝呋太尔制霉素阴道软胶囊
97,转移因子胶囊
98,盐酸特比萘芬片
99,转移因子口服溶液
100,环吡酮胺阴道栓
101,硝酸舍他康唑乳膏
102,制霉素片
103,盐酸伊曲康唑胶囊
104,硝酸咪康唑乳膏
105,联苯苄唑乳膏
106,伊曲康唑胶囊
107,双唑泰栓
108,盐酸特比萘芬凝胶
109,头孢克肟分散片
110,麦迪霉素片
111,头孢氨苄甲氧苄啶胶囊
112,头孢地尼分散片
113,头孢克肟干混悬剂
114,阿奇霉素分散片
115,头孢羟氨苄片
116,清肺化痰丸
117,盐酸妥洛特罗片
118,化痰平喘片
119,固本咳喘胶囊
120,硫酸特布他林片
121,固肾定喘丸
122,乙酰半胱氨酸泡腾片
123,氨茶碱片
124,肺气肿片
125,胆龙止喘片
126,Ⅱ
127,噻托溴铵粉雾剂
128,祛痰止咳胶囊
129,二十五味肺病丸
130,布美他尼注射液
131,茶新那敏片
132,甘氨酸茶碱钠缓释片
133,呋塞米片
134,硝酸异山梨酯喷雾剂
135,螺内酯片
136,福多司坦颗粒
137,盐酸金刚烷胺糖浆
138,注射用盐酸罂粟碱
139,低分子量肝素钠注射液
140,肝素钠注射液
141,注射用降纤酶
142,注射用尿激酶
143,肝素钙注射液
144,威麦宁胶囊
145,消癌平口服液
146,甘露聚糖肽胶囊
147,康莱特软胶囊
148,复方斑蝥胶囊
149,消癌平片
150,注射用胸腺五肽
151,清肺散结丸
152,消癌平糖浆
153,紫龙金片
154,回生口服液
155,复方万年青胶囊
156,槐耳颗粒
157,西黄丸
158,康艾扶正胶囊
159,消癌平胶囊
160,盐酸埃克替尼片
161,化癥回生口服液
162,注射用两性霉素B
163,大蒜素软胶囊
164,注射用米卡芬净钠
165,伏立康唑片
166,伊曲康唑颗粒
167,云香精
168,复方金银花颗粒
169,金莲花颗粒
170,小儿双清颗粒
171,新雪颗粒
172,小儿咳喘灵口服液
173,复方氨酚烷胺片
174,复方薄荷脑软膏
175,治咳川贝枇杷露
176,复方薄荷脑鼻用吸入剂
177,蒲公英颗粒
178,一清胶囊
179,对乙酰氨基酚栓
180,酚咖片
181,热炎宁颗粒
182,氢溴酸东莨菪碱注射液
183,盐酸异丙肾上腺素注射液
184,氢溴酸东莨菪碱片
185,参附注射液
186,右旋糖酐40葡萄糖注射液
187,生脉注射液
188,注射用氢化可的松琥珀酸钠
189,盐酸肾上腺素注射液
190,盐酸苯海拉明注射液
191,氢化泼尼松注射液
192,盐酸多巴酚丁胺葡萄糖注射液
193,氢化可的松注射液
194,清热消炎宁片
195,醋酸泼尼松片
196,左羟丙哌嗪分散片
197,注射用盐酸二甲弗林
198,樟脑磺酸钠注射液
199,氧化樟脑注射液
200,盐酸多沙普仑注射液
201,注射用盐酸多沙普仑
202,尼可刹米注射液
203,利巴韦林分散片
204,利巴韦林颗粒
205,重组人干扰素α1b注射液
206,利巴韦林胶囊
207,利巴韦林泡腾颗粒
208,利巴韦林含片
209,利巴韦林片
210,利巴韦林注射液
211,罗红霉素胶囊
212,罗红霉素片
213,罗红霉素颗粒
214,克拉霉素胶囊
215,利福平胶囊
216,克拉霉素片
217,注射用硫酸链霉素
218,盐酸乙胺丁醇胶囊
219,吡嗪酰胺片
220,盐酸乙胺丁醇片
221,异烟肼片
222,头孢呋辛酯片
223,7:1
224,地红霉素肠溶片
225,头孢羟氨苄颗粒
226,头孢呋辛酯胶囊
227,阿莫西林克拉维酸钾颗粒
228,盐酸氨溴索分散片
229,盐酸左氧氟沙星片
230,盐酸氨溴索片
231,头孢克肟胶囊
232,云南白药
233,盐酸氨溴索口服溶液
234,盐酸左氧氟沙星胶囊
235,法罗培南钠片
236,复方蒲芩胶囊
237,肿节风胶囊
238,醋酸麦迪霉素颗粒
239,百蕊颗粒
240,地红霉素肠溶胶囊
241,强力枇杷胶囊
242,玉屏风颗粒
243,对乙酰氨基酚缓释片
244,千柏鼻炎片
245,对乙酰氨基酚口服溶液
246,复方锌布颗粒剂
247,维C银翘片
248,蜜炼川贝枇杷膏
249,阿咖酚散
250,小儿止咳糖浆
251,氨金黄敏颗粒
252,布洛芬颗粒
253,盐酸吗啉胍片
254,丹皮酚软膏
255,感冒清热颗粒
256,盐酸甲氯芬酯胶囊
257,脑苷肌肽注射液
258,注射用烟酸占替诺
259,盐酸甲氯芬酯分散片
260,注射用盐酸赖氨酸
261,注射用盐酸甲氯芬酯
262,伊曲康唑分散片
263,氟康唑胶囊
264,氟康唑片
265,羚羊感冒片
266,胸腺肽注射液
267,甘露聚糖肽口服溶液
268,香菇多糖片
269,维生素E软胶囊
270,注射用生长抑素
271,胰岛素注射液
272,沙格列汀片
273,复方碳酸氢钠片
274,碳酸氢钠注射液
275,头孢氨苄胶囊
276,依托红霉素片
277,蛤蚧定喘丸
278,乙酰螺旋霉素片
279,头孢拉定胶囊
280,司帕沙星分散片
281,头孢拉定分散片
282,乳酸左氧氟沙星片
283,注射用头孢唑林钠
284,红草止鼾胶囊
285,红草止鼾颗粒
286,吡非尼酮胶囊
287,注射用甲磺酸帕珠沙星
288,甲磺酸帕珠沙星注射液
289,甲磺酸帕珠沙星氯化钠注射液
290,炎立消胶囊
291,匹多莫德颗粒剂
292,川贝枇杷糖浆
293,羧甲司坦片
294,消炎片
295,黄柏胶囊
296,利福喷丁胶囊
297,三七血伤宁散
298,利肺片
299,抗痨颗粒
300,五海瘿瘤丸
301,麦味地黄口服液
302,勒马回胶囊
303,洋参保肺胶囊
304,利肺胶囊
305,盐酸氨溴索注射液
306,猪肺磷脂注射液
307,"注射用1,6-二磷酸果糖"
308,TPSPA
309,氨苄西林丙磺舒胶囊
310,小儿肺热咳喘口服液
311,小儿消咳片
312,小青龙合剂
313,鲜竹沥
314,小儿肺咳颗粒
315,小儿咳喘灵颗粒
316,小儿珍贝散
317,金振口服液
318,治咳枇杷露
319,小儿牛黄清肺片
320,小儿热咳口服液
321,布洛芬混悬滴剂
322,对乙酰氨基酚片
323,莲芝消炎滴丸
324,小儿麻甘颗粒
325,复方鱼腥草滴丸
326,金栀咽喉袋泡茶
327,复方鱼腥草片
328,成人装
329,儿童装
330,黄根片
331,矽肺宁片
332,盐酸海索那林片
333,注射用细胞色素C
334,盐酸洛贝林注射液
335,细胞色素C注射液
336,礞石滚痰丸
337,盐酸二氧丙嗪片
338,养肺丸
339,盐酸溴己新片
340,丙酸倍氯米松气雾剂
341,益心巴迪然吉布亚颗粒
342,复方小儿退热栓
343,小儿清肺止咳片
344,孟鲁司特钠咀嚼片
345,沙美特罗替卡松粉吸入剂
346,富马酸酮替芬分散片
347,小儿肺热平胶囊
348,复方桔梗止咳片
349,注射用头孢唑肟钠
350,泮托拉唑钠肠溶胶囊
351,注射用泮托拉唑钠
352,注射用盐酸克林霉素
353,阿奇霉素胶囊
354,诺氟沙星胶囊
355,氯霉素片
356,乙酰麦迪霉素干混悬剂
357,二十九味能消散
358,参麦注射液
359,硫酸阿托品注射液
360,呋塞米注射液
361,注射用果糖二磷酸钠
362,盐酸多西环素片
363,盐酸多西环素胶囊
364,注射用氨酪酸
365,吡拉西坦分散片
366,氨酪酸片
367,盐酸金刚烷胺片
368,氨酪酸注射液
369,吡拉西坦葡萄糖注射液
370,噻托溴铵粉吸入剂
371,茶碱缓释胶囊
372,如意定喘丸
373,硫酸特布他林雾化液
374,红霉素肠溶胶囊
375,盐酸美他环素片
376,桉柠蒎肠溶胶囊
377,养阴清肺口服液
378,橘红丸
379,替硝唑胶囊
380,百合固金丸
381,川贝清肺糖浆
382,复方罗汉果止咳颗粒
383,喷托维林氯化铵糖浆
384,止咳枇杷糖浆
385,清肺抑火片
386,三蛇胆川贝糖浆
387,氧氟沙星片
388,益脉康胶囊
389,益脉康软胶囊
390,马来酸氯苯那敏片
391,八味沉香丸
392,软脉灵口服液
393,门冬氨酸钾镁片
394,地高辛片
395,参龙宁心胶囊
396,复方二氯醋酸二异丙胺片
397,屏风生脉胶囊
398,滋心阴胶囊
399,辅酶Q10片
400,辅酶Q10胶囊
401,三磷酸腺苷二钠片
402,荣心丸
403,注射用环磷腺苷葡胺
404,环磷腺苷葡胺注射液
405,心宝丸
406,参仙升脉口服液
407,虫草头孢菌胶囊
408,灵宝护心丹
409,环磷腺苷葡胺葡萄糖注射液
410,阿司匹林肠溶片
411,阿司匹林片
412,pH4
413,静注人免疫球蛋白(pH4)
414,毛冬青片
415,复方七叶皂苷钠凝胶
416,多磺酸粘多糖乳膏
417,马栗种子提取物片
418,羟苯磺酸钙分散片
419,曲克芦丁片
420,苯丙氨酯片
421,迈之灵片
422,羟苯磺酸钙胶囊
423,曲克芦丁氯化钠注射液
424,羟苯磺酸钙片
425,草木犀流浸液片
426,龙生蛭胶囊
427,脂必妥片
428,强力定眩片
429,心脑健胶囊
430,阿魏酸钠片
431,西洛他唑片
432,辛伐他汀片
433,罗布麻降压片
434,脂脉康胶囊
435,镇脑宁胶囊
436,通脉降脂片
437,血脂康胶囊
438,通塞脉片
439,苏孜阿甫片
440,通脉口服液
441,通脉颗粒
442,硫酸氢氯吡格雷片
443,盐酸艾司洛尔注射液
444,注射用盐酸艾司洛尔
445,注射用酒石酸美托洛尔
446,盐酸胺碘酮注射液
447,注射用硝普钠
448,注射用青霉素钠
449,甲磺酸左氧氟沙星氯化钠注射液
450,醒脑静注射液
451,阿司匹林肠溶胶囊
452,双氯芬酸钠肠溶片
453,雷公藤多甙片
454,换骨丸
455,甘霖洗剂
456,蜈黛软膏
457,盐酸地尔硫
458,盐酸地尔硫卓片
459,盐酸普萘洛尔片
460,酒石酸美托洛尔缓释片
461,宁心宝胶囊
462,复方天麻蜜环糖肽片
463,盐酸拉贝洛尔片
464,珊瑚七十味丸
465,氨氯地平阿托伐他汀钙片
466,缬沙坦胶囊
467,硝苯地平缓释片Ⅰ
468,Ⅰ
469,清脑降压片
470,牛黄降压丸
471,降压丸
472,氯沙坦钾片
473,缬沙坦分散片
474,苯磺酸左旋氨氯地平片
475,二十五味珊瑚丸
476,天麻钩藤颗粒
477,夏枯草口服液
478,厄贝沙坦片
479,培哚普利吲达帕胺片
480,奥美沙坦酯片
481,盐酸贝那普利片
482,长春宝口服液
483,阿莫西林舒巴坦匹酯片
484,硬脂酸红霉素颗粒
485,硫酸阿米卡星注射液
486,琥乙红霉素胶囊
487,青霉素V钾片
488,芎香通脉丸
489,心脑清软胶囊
490,复方丹参滴丸
491,心通口服液
492,芪参胶囊
493,银杏叶滴丸
494,肠溶
495,大株红景天胶囊
496,麝香心脑乐胶囊
497,芪参益气滴丸
498,蟾麝救心丸
499,心脑舒通胶囊
500,葛兰心宁软胶囊
501,速效救心丸
502,脑心通胶囊
503,清心沉香八味丸
504,天王补心丸
505,丹参片
506,乐脉颗粒
507,银杏蜜环口服溶液
508,同溢堂
509,益安宁丸
510,盐酸索他洛尔片
511,阿替洛尔片
512,活血通脉胶囊
513,果糖二磷酸钠口服溶液
514,去乙酰毛花苷注射液
515,多索茶碱葡萄糖注射液
516,冻干重组人脑利钠肽
517,甲地高辛片
518,氨力农注射液
519,氨茶碱氯化钠注射液
520,地高辛酏剂
521,复方苦木消炎片
522,硬脂酸红霉素片
523,卡托普利片
524,抑亢丸
525,丙硫氧嘧啶片
526,甲亢灵胶囊
527,维生素C钠胶囊
528,甲巯咪唑片
529,甲亢灵片
530,甲亢灵颗粒
531,硫唑嘌呤片
532,三磷酸腺苷二钠注射液
533,维生素C注射液
534,维生素C片
535,亚硒酸钠片
536,注射用尼麦角林
537,肌醇烟酸酯片
538,注射用甲磺酸二氢麦角碱
539,尼麦角林胶囊
540,尼麦角林片
541,马来酸桂哌齐特注射液
542,肌苷注射液
543,通脉片
544,双嘧达莫片
545,肝素钠乳膏
546,地奥司明片
547,甲磺酸二氢麦角碱缓释胶囊
548,脉络舒通颗粒
549,非普拉宗片
550,抗栓胶囊
551,氯化钠注射液
552,氢化可的松片
553,注射用盐酸平阳霉素
554,鱼肝油酸钠注射液
555,皮肤病血毒丸
556,防风通圣丸
557,阿魏酸哌嗪片
558,银杏叶提取物片
559,盐酸丁咯地尔片
560,脉管复康片
561,谷维素片
562,酒石酸美托洛尔片
563,柏子养心丸
564,归脾丸
565,丹参胶囊
566,苯磺酸氨氯地平片
567,硝酸甘油片
568,马来酸氨氯地平片
569,灯盏花素片
570,单硝酸异山梨酯胶囊
571,丹参酮ⅡA磺酸钠注射液
572,冠通片
573,盐酸曲美他嗪片
574,鸿茅药酒
575,精制冠心颗粒
576,IV
577,单硝酸异山梨酯缓释片
578,黄豆苷元胶囊
579,麝香保心丸
580,华法林钠片
581,硝酸异山梨酯片
582,救尔心胶囊
583,单硝酸异山梨酯片
584,复方盐酸阿米洛利片
585,青霉胺片
586,卡维地洛片
587,氢氯噻嗪片
588,清脑降压胶囊
589,盐酸特拉唑嗪胶囊
590,地巴唑片
591,替米沙坦片
592,脑立清丸
593,苯磺酸氨氯地平胶囊
594,可乐定控释贴
595,赖诺普利片
596,马来酸依那普利片
597,氨苯蝶啶片
598,左卡尼汀口服溶液
599,心荣颗粒
600,健心片
601,左卡尼汀注射液
602,金泽冠心胶囊
603,冠心生脉丸
604,枸橼酸钾颗粒
605,盐酸美西律片
606,黄杨宁片
607,心可舒胶囊
608,盐酸胺碘酮片
609,心可舒片
610,参芍胶囊
611,稳心颗粒
612,十全大补丸
613,振源胶囊
614,盐酸维拉帕米片
615,苦参碱氯化钠注射液
616,注射用异环磷酰胺
617,强力康颗粒
618,注射用硫酸长春新碱
619,盐酸异丙嗪片
620,臌症丸
621,心欣舒胶囊
622,复方乌鳢口服液
623,芪芳气血颗粒
624,补血益母丸
625,归圆口服液
626,产妇康洗液
627,菠萝蛋白酶肠溶片
628,烟酸占替诺片
629,琥乙红霉素咀嚼片
630,酒石酸美托洛尔胶囊
631,盐酸普罗帕酮片
632,苯妥英钠片
633,氯化钾缓释片
634,降脂宁颗粒
635,氯化钾片
636,七叶神安片
637,参芍片
638,利心丸
639,心肝宝胶囊
640,梅苏颗粒
641,藿香正气水
642,保济丸
643,龙虎人丹
644,藿香正气胶囊
645,广东凉茶颗粒
646,十滴水
647,克痢痧胶囊
648,藿香正气丸
649,藿香正气片
650,二天油
651,六合定中丸
652,清凉油
653,加味藿香正气丸
654,奥硝唑分散片
655,苯酰甲硝唑胶囊
656,奥硝唑胶囊
657,养肝胶囊
658,蹄鞘胶囊
659,枸橼酸莫沙必利片
660,奥美拉唑肠溶片
661,蒙脱石散
662,磷酸铝凝胶
663,雷贝拉唑钠肠溶片
664,食道平散
665,多潘立酮片
666,兰索拉唑肠溶片
667,泮托拉唑钠肠溶片
668,多潘立酮口腔崩解片
669,兰索拉唑片
670,葡萄糖酸锌口服溶液
671,葡萄糖酸钙口服溶液
672,甘草锌颗粒
673,赖氨葡锌颗粒
674,葡萄糖酸钙锌口服溶液
675,复方吡拉西坦脑蛋白水解物片
676,甘草锌胶囊
677,睾丸片
678,葡萄糖酸锌颗粒
679,赖氨肌醇维B12口服溶液
680,王氏保赤丸
681,龙牡壮骨颗粒
682,吡拉西坦片
683,肝复康丸
684,金酸萍糖浆
685,促肝细胞生长素注射液
686,谷氨酸钠注射液
687,红花清肝十三味丸
688,甲苯咪唑咀嚼片
689,阿苯达唑胶囊
690,阿苯达唑片
691,伊维菌素片
692,六味五灵片
693,强肝胶囊
694,鼻炎宁颗粒
695,双环醇片
696,舒肝丸
697,护肝片
698,茵栀黄颗粒
699,肝维康片
700,鸡骨草胶囊
701,益肝灵分散片
702,硒酵母片
703,肝爽颗粒
704,茵栀黄口服液
705,恩替卡韦分散片
706,利肝隆颗粒
707,替比夫定片
708,拉米夫定片
709,逍遥丸
710,乙肝宁颗粒
711,肝泰舒胶囊
712,清火胶囊
713,四磨汤口服液
714,便通片
715,舒肝健胃丸
716,耳聋通窍丸
717,健儿消食口服液
718,参梅养胃颗粒
719,胃苏颗粒
720,润肠通秘茶
721,开塞露
722,养阴口香合剂
723,枯草杆菌二联活菌肠溶胶囊
724,便乃通茶
725,金花消痤丸
726,牛黄清胃丸
727,蓖麻油
728,双歧杆菌三联活菌胶囊
729,九制大黄丸
730,比沙可啶肠溶片
731,槐杞黄颗粒
732,盐酸米诺环素片
733,硅炭银片
734,注射用葡醛酸钠
735,复方甘草酸单铵注射液
736,二十五味马宝丸
737,葡醛酸钠注射液
738,坐珠达西
739,复方甘草酸单铵S氯化钠注射液
740,虎驹乙肝胶囊
741,重组人干扰素α2b注射液
742,齐墩果酸片
743,注射用促肝细胞生长素
744,肌苷片
745,注射用重组人干扰素α2b
746,重组人干扰素α-2b注射液
747,注射用重组人干扰素α2a
748,二硫化硒洗剂
749,咪康唑氯倍他索乳膏
750,复方醋酸氟轻松酊
751,复方樟脑乳膏
752,高锰酸钾外用片
753,复方醋酸地塞米松乳膏
754,曲安奈德氯霉素溶液
755,盐酸左西替利嗪口服溶液
756,无极膏
757,曲安奈德益康唑乳膏
758,醋酸曲安奈德益康唑乳膏
759,黑豆馏油软膏
760,氟轻松维B6乳膏
761,重楼解毒酊
762,复方鱼肝油氧化锌软膏
763,克痒敏醑
764,黄藤素软胶囊
765,柳氮磺吡啶肠溶片
766,清热散结片
767,乳酸菌素片
768,胃肠安丸
769,盐酸小檗碱片
770,地衣芽孢杆菌活菌胶囊
771,复方磺胺甲噁唑片
772,甲砜霉素肠溶片
773,复方谷氨酰胺肠溶胶囊
774,左氧氟沙星片
775,硫酸庆大霉素颗粒
776,黄藤素分散片
777,盐酸消旋山莨菪碱注射液
778,盐酸消旋山莨菪碱氯化钠注射液
779,颠茄片
780,颠茄酊
781,对氨基水杨酸异烟肼片
782,通迪胶囊
783,阿魏化痞膏
784,参莲胶囊
785,胃复春片
786,鸦胆子油软胶囊
787,抗癌平丸
788,复生康胶囊
789,氟尿嘧啶注射液
790,替吉奥胶囊
791,香菇菌多糖片
792,猴头菌提取物颗粒
793,硫糖铝混悬凝胶
794,枸橼酸铋钾颗粒
795,复方猴头颗粒
796,碳酸氢钠片
797,奥美拉唑肠溶胶囊
798,胶体果胶铋胶囊
799,匹维溴铵片
800,聚卡波非钙片
801,消旋山莨菪碱片
802,鞣酸苦参碱胶囊
803,马来酸曲美布汀片
804,奥替溴铵片
805,马来酸曲美布汀胶囊
806,参倍固肠胶囊
807,痛泻宁颗粒
808,马来酸曲美布汀分散片
809,复合乳酸菌胶囊
810,葡萄糖氯化钠注射液
811,葡萄糖注射液
812,排石利胆颗粒
813,利胆排石片
814,胆舒胶囊
815,金钱草颗粒
816,消炎利胆片
817,胆石利通片
818,舒胆片
819,十味蒂达胶囊
820,舒胆胶囊
821,曲匹布通片
822,茴三硫片
823,益胆片
824,复方胆通胶囊
825,金胆片
826,胆宁片
827,胆石通胶囊
828,胆炎康胶囊
829,胆胃康胶囊
830,二十五味松石丸
831,茴三硫胶囊
832,盐酸屈他维林片
833,消炎灵胶囊
834,龙胆泻肝丸
835,金龙舒胆胶囊
836,保和丸
837,亮菌甲素片
838,石淋通颗粒
839,阑尾消炎片
840,白花蛇舌草注射液
841,注射用亚胺培南西司他丁钠
842,肿节风软胶囊
843,注射用头孢他啶
844,妇炎舒片
845,注射用哌拉西林钠他唑巴坦钠
846,甲硝唑氯化钠注射液
847,肿节风分散片
848,肿节风片
849,阑尾消炎丸
850,复方陈香胃片
851,依卡倍特钠颗粒
852,复方铝酸铋颗粒
853,铝碳酸镁片
854,复方灵芝片
855,替普瑞酮胶囊
856,硫糖铝口服混悬液
857,复方铝酸铋片
858,胃康胶囊
859,元胡止痛片
860,熊去氧胆酸片
861,胆石片
862,复方消化酶胶囊
863,注射用呋塞米
864,马洛替酯片
865,丁二磺酸腺苷蛋氨酸肠溶片
866,熊去氧胆酸胶囊
867,二十五味獐牙菜丸
868,注射用丁二磺酸腺苷蛋氨酸
869,注射用甲硫氨酸维B1
870,苦参碱注射液
871,铝碳酸镁颗粒
872,甲氧氯普胺片
873,胃铋镁颗粒
874,甘羟铝片
875,铝碳酸镁咀嚼片
876,硫糖铝咀嚼片
877,慈丹胶囊
878,甲磺酸托烷司琼片
879,氟尿嘧啶口服乳
880,去氧氟尿苷胶囊
881,消癌平滴丸
882,注射用丝裂霉素
883,注射用盐酸表柔比星
884,注射用奥沙利铂
885,替加氟片
886,司莫司汀胶囊
887,醋酸地塞米松片
888,艾迪注射液
889,复方环磷酰胺片
890,注射用甲氨蝶呤
891,地塞米松片
892,曲安西龙片
893,狼疮丸
894,维生素B4片
895,小儿至宝丸
896,醒脾养儿颗粒
897,四味脾胃舒片
898,蒙脱石混悬液
899,枯草杆菌二联活菌颗粒
900,小儿止泻灵颗粒
901,丁桂儿脐贴
902,消旋卡多曲颗粒
903,保儿安颗粒
904,羚黄宝儿丸
905,娃娃宁泡腾片
906,婴儿健脾颗粒
907,儿宝颗粒
908,羔羊胃提取物维B12胶囊
909,小儿肠胃康颗粒
910,薏芽健脾凝胶
911,枸橼酸莫沙必利分散片
912,健儿清解液
913,人参健脾丸
914,沙棘颗粒
915,启脾口服液
916,利肝和胃丸
917,补中益气丸
918,理中丸
919,气血固本口服液
920,雪山胃宝胶囊
921,固本益肠片
922,铝镁加混悬液
923,吡喹酮片
924,螺旋霉素胶囊
925,注射用硫酸奈替米星
926,蒲地蓝消炎片
927,头孢泊肟酯干混悬剂
928,十香丸
929,小儿暖脐膏
930,茴香橘核丸
931,十香暖脐膏
932,济生橘核丸
933,参桂理中丸
934,癫痫康胶囊
935,痫愈胶囊
936,丙戊酰胺片
937,七十味珍珠丸
938,丙戊酸钠片
939,普瑞巴林胶囊
940,扑米酮片
941,拉莫三嗪片
942,二十五味珊瑚胶囊
943,镇痫片
944,癫痫宁片
945,盐酸氟桂利嗪胶囊
946,丙戊酸钠缓释片
947,复方苯巴比妥溴化钠片
948,托吡酯片
949,卡马西平片
950,奥卡西平片
951,清脑复神液
952,川芎茶调颗粒
953,藿胆丸
954,天麻素胶囊
955,脑心舒口服液
956,通天口服液
957,对乙酰氨基酚混悬滴剂
958,复方羊角颗粒
959,硫酸西索米星注射液
960,盐酸多西环素胶丸
961,注射用硫酸核糖霉素
962,注射用头孢哌酮钠
963,硫酸奈替米星注射液
964,注射用重组人Ⅱ型肿瘤坏死因子受体-抗体融合蛋白
965,酮洛芬缓释胶囊
966,尼美舒利分散片
967,尪痹片
968,尼美舒利颗粒
969,尪痹颗粒
970,正清风痛宁片
971,雪山金罗汉止痛涂膜剂
972,氨糖美辛肠溶片
973,吲哚美辛栓
974,威灵骨刺膏
975,青鹏软膏
976,痹祺胶囊
977,天麻头风灵片
978,白芍总苷胶囊
979,双蚁祛湿通络胶囊
980,风湿骨痛丸
981,正清风痛宁缓释片
982,来氟米特片
983,祖师麻片
984,骨刺胶囊
985,氟氯西林钠胶囊
986,氟康唑分散片
987,肉蔻四神丸
988,肠胃宁胶囊
989,香砂和胃丸
990,四味脾胃舒颗粒
991,奥松肚痛泻丸
992,(奥松)肚痛泻丸
993,水飞蓟素片
994,多烯磷脂酰胆碱胶囊
995,复方蚂蚁养肝胶囊
996,三七脂肝丸
997,壳脂胶囊
998,水飞蓟宾葡甲胺片
999,门冬氨酸鸟氨酸颗粒剂
1000,大黄利胆胶囊
1001,清肝健脾颗粒
1002,强肝片
1003,复方蛋氨酸胆碱片
1004,肝胆舒康胶囊
1005,门冬氨酸鸟氨酸注射液
1006,水飞蓟宾胶囊
1007,多烯磷脂酰胆碱注射液
1008,卵磷脂片
1009,复方牛胎肝提取物片
1010,复方炉甘石外用散
1011,乳酸左氧氟沙星氯化钠注射液
1012,复方甘草酸苷片
1013,和络舒肝片
1014,复方鳖甲软肝片
1015,金水宝胶囊
1016,硒酵母胶囊
1017,复方木鸡颗粒
1018,安络化纤丸
1019,云芝菌胶囊
1020,注射用乙酰谷酰胺
1021,谷氨酸片
1022,乙酰谷酰胺注射液
1023,盐酸精氨酸注射液
1024,盐酸左旋咪唑片
1025,盐酸左旋咪唑丸
1026,盐酸左旋咪唑宝塔糖
1027,参一胶囊
1028,肝复乐胶囊
1029,养正消积胶囊
1030,金龙胶囊
1031,蛇莲胶囊
1032,肝复乐片
1033,去甲斑蝥素片
1034,安康欣胶囊
1035,安替可胶囊
1036,葫芦素片
1037,谷氨酰胺胶囊
1038,丙谷胺片
1039,阿拉坦五味丸
1040,陈香露白露片
1041,TPF
1042,肠胃宁片
1043,SP
1044,香砂养胃丸
1045,胃痛丸
1046,盐酸伊托必利分散片
1047,木香顺气丸
1048,健胃消食片
1049,肠内营养混悬液(TPF)
1050,复方多粘菌素B软膏
1051,盐酸左氧氟沙星软膏
1052,依诺沙星乳膏
1053,莫匹罗星软膏
1054,克林霉素甲硝唑搽剂
1055,克拉霉素缓释片
1056,金胃泰胶囊
1057,千喜片
1058,千喜胶囊
1059,胃乐新胶囊
1060,泻痢消片
1061,磷酸哌嗪宝塔糖
1062,复方鹧鸪菜散
1063,肥儿丸
1064,盐酸奈福泮片
1065,阿苯达唑颗粒
1066,甲苯咪唑片
1067,和胃疗疳颗粒
1068,乌梅丸
1069,盐酸多西环素分散片
1070,呋喃唑酮片
1071,四环素片
1072,盐酸美他环素胶囊
1073,盐酸多西环素肠溶胶囊
1074,塞来昔布胶囊
1075,盐酸丁卡因注射液
1076,硫化钠薄荷脑溶液
1077,转化糖注射液
1078,美他多辛胶囊
1079,果糖二磷酸钠注射液
1080,盐酸硫必利片
1081,甲硫氨酸维B1注射液
1082,注射用磷霉素钠
1083,短肽型肠内营养剂
1084,TP
1085,肠内营养乳剂(TP)
1086,肠内营养混悬液(SP)
1087,参芪健胃颗粒
1088,复方田七胃痛胶囊
1089,养胃舒颗粒
1090,活胃散
1091,气滞胃痛颗粒
1092,仙人掌胃康胶囊
1093,越鞠保和丸
1094,摩罗丹
1095,葡醛内酯片
1096,垂盆草颗粒
1097,秘诀清凉胶囊
1098,甘草酸二铵肠溶胶囊
1099,谷胱甘肽含片
1100,片仔癀胶囊
1101,美他多辛片
1102,澳泰乐颗粒
1103,澳泰乐胶囊
1104,健肝灵胶囊
1105,枫蓼肠胃康颗粒
1106,猴耳环消炎颗粒
1107,参苓白术散
1108,乳酸左氧氟沙星分散片
1109,十五味黑药胶囊
1110,香砂养胃片
1111,保利尔胶囊
1112,瑞舒伐他汀钙片
1113,至灵菌丝胶囊
1114,心血宁片
1115,荷丹片
1116,消栓再造丸
1117,氟伐他汀钠胶囊
1118,血滞通胶囊
1119,苯扎贝特片
1120,松龄血脉康胶囊
1121,吉非罗齐胶囊
1122,银丹心脑通软胶囊
1123,西沙必利片
1124,茵山莲颗粒
1125,聚明胶肽注射液
1126,胰胆炎合剂
1127,醋酸甲萘氢醌片
1128,胰胆舒颗粒
1129,胰胆舒胶囊
1130,清胰利胆颗粒
1131,TP-MCT
1132,注射用乌司他丁
1133,胶体酒石酸铋胶囊
1134,美沙拉秦栓
1135,消炎生肌膏
1136,虎地肠溶胶囊
1137,柳氮磺吡啶栓
1138,美沙拉秦缓释片
1139,奥沙拉秦钠胶囊
1140,固肠止泻丸
1141,美沙拉嗪肠溶片
1142,美沙拉秦肠溶片
1143,盐酸戊乙奎醚注射液
1144,碘解磷定注射液
1145,氯解磷定注射液
1146,莪术油注射液
1147,小儿石蔻散
1148,小儿双解止泻颗粒
1149,苍苓止泻口服液
1150,乌拉地尔缓释片
1151,盐酸普萘洛尔缓释片
1152,阿替洛尔注射液
1153,盐酸酚苄明片
1154,肠炎宁胶囊
1155,复方黄连素片
1156,苦参片
1157,炎可宁片
1158,吡哌酸片
1159,飞扬肠胃炎胶囊
1160,注射用胰激肽原酶
1161,鲑鱼降钙素喷鼻剂
1162,注射用帕米膦酸二钠
1163,鲑降钙素注射液
1164,伊班膦酸钠注射液
1165,氯膦酸二钠胶囊
1166,鲑鱼降钙素鼻喷剂
1167,盐酸西那卡塞片
1168,暖胃舒乐片
1169,肝苏胶囊
1170,云芝肝泰颗粒
1171,云芝肝泰胶囊
1172,新血宝胶囊
1173,右旋糖酐铁分散片
1174,富马酸亚铁胶囊
1175,生血宁片
1176,多糖铁复合物胶囊
1177,琥珀酸亚铁片
1178,益血生胶囊
1179,复方硫酸亚铁叶酸片
1180,维血康颗粒
1181,复方红衣补血口服液
1182,乳酸亚铁口服液
1183,维铁缓释片
1184,小儿复方四维亚铁散
1185,右旋糖酐铁口服液
1186,乳酸亚铁胶囊
1187,健脾生血颗粒
1188,多维铁口服溶液
1189,再造生血片
1190,复方硫酸亚铁颗粒
1191,和血胶囊
1192,注射用去甲斑蝥酸钠
1193,榄香烯口服乳
1194,去甲斑蝥酸钠氯化钠注射液
1195,柘木糖浆
1196,去甲斑蝥酸钠注射液
1197,注射用布美他尼
1198,阿德福韦酯片
1199,拉米夫定胶囊
1200,转移因子注射液
1201,顺铂注射液
1202,补中益气颗粒
1203,鞣酸蛋白片
1204,化积口服液
1205,调元大补二十五味汤散
1206,阿莫西林分散片
1207,蚁灵口服液
1208,盐酸雷尼替丁胶囊
1209,甲磺酸培氟沙星片
1210,奥美拉唑镁肠溶片
1211,蜂胶片
1212,桂附理中丸
1213,盐酸地芬尼多片
1214,舒必利片
1215,回春散
1216,奋乃静片
1217,参苓健脾胃颗粒
1218,盐酸氯丙嗪片
1219,藿香祛暑软胶囊
1220,附子理中丸
1221,甘露聚糖肽片
1222,复方天仙胶囊
1223,依托泊苷软胶囊
1224,莲芪胶囊
1225,溃平宁颗粒
1226,卡络磺钠片
1227,肾上腺色腙片
1228,肾上腺色腙注射液
1229,八宝五胆药墨
1230,三七止血片
1231,注射用卡络磺钠
1232,注射用西咪替丁
1233,法莫替丁注射液
1234,酚磺乙胺注射液
1235,可溶性纤维素钠贴膏
1236,粉剂
1237,整蛋白型肠内营养剂(粉剂)
1238,氟尿嘧啶植入剂
1239,仙蟾片
1240,蓼参胶囊
1241,尿嘧啶替加氟片
1242,景天三七片
1243,法莫替丁氯化钠注射液
1244,溴丙胺太林片
1245,复方溴咖片
1246,解郁安神颗粒
1247,珍珠末
1248,安乐片
1249,复方氟尿嘧啶口服溶液
1250,鸦胆子油乳注射液
1251,胃膜素胶囊
1252,香砂胃痛散
1253,升提胶囊
1254,浓缩丸
1255,补气升提片
1256,补中益气口服液
1257,补中益气合剂
1258,复合凝乳酶胶囊
1259,维U颠茄铝镁片Ⅱ
1260,盐酸哌仑西平片
1261,丁溴东莨菪碱胶囊
1262,环酯红霉素片
1263,注射用复方甘草酸单铵S
1264,兰索拉唑肠溶胶囊
1265,肠炎宁颗粒
1266,酪酸梭菌活菌散
1267,小儿乳酸菌素片
1268,珍熊胆丸
1269,强肝糖浆
1270,利肝隆片
1271,盐酸林可霉素胶囊
1272,盐酸克林霉素棕榈酸酯颗粒
1273,风油精
1274,林可霉素利多卡因凝胶
1275,金钱草片
1276,盐酸苯海拉明片
1277,利多卡因氯己定气雾剂
1278,虎标万金油
1279,维生素E皇浆口服液
1280,小儿盐酸赖氨酸颗粒
1281,硫酸锌糖浆
1282,肥儿糖浆
1283,驱虫消食片
1284,五维他口服溶液
1285,大山楂颗粒
1286,肠炎宁片
1287,胃肠宁颗粒
1288,肠炎宁糖浆
1289,鞣酸蛋白酵母散
1290,清肝利胆胶囊
1291,消炎利胆软胶囊
1292,利胆石颗粒
1293,八宝丹胶囊
1294,司帕沙星片
1295,甲硝唑葡萄糖注射液
1296,注射用盐酸头孢甲肟
1297,奥硝唑氯化钠注射液
1298,裸花紫珠片
1299,复方大红袍止血片
1300,裸花紫珠胶囊
1301,裸花紫珠分散片
1302,致康胶囊
1303,三七血伤宁胶囊
1304,云南白药胶囊
1305,法莫替丁钙镁咀嚼片
1306,小儿生血糖浆
1307,维生素B1片
1308,复合维生素B片
1309,维生素B2片
1310,螺旋藻片
1311,童康片
1312,小儿硫酸亚铁糖浆
1313,藿阳补肾胶囊
1314,维生素B6片
1315,清胰利胆丸
1316,注射用头孢哌酮钠舒巴坦钠
1317,马洛替酯缓释片
1318,复方紫参颗粒
1319,赖氨葡锌片
1320,葡萄糖酸锌片
1321,氨甲苯酸片
1322,注射用胞磷胆碱钠肌苷
1323,眼氨肽注射液
1324,穿心莲内酯片
1325,诺氟沙星片
1326,注射用氨苄西林钠舒巴坦钠
1327,注射用硫普罗宁
1328,注射用还原型谷胱甘肽钠
1329,硫普罗宁注射液
1330,甘草酸二铵胶囊
1331,汉防己甲素片
1332,鹤蟾片
1333,注射用氟尿嘧啶
1334,氟尿嘧啶氯化钠注射液
1335,替加氟注射液
1336,亚砷酸氯化钠注射液
1337,注射用核糖核酸Ⅱ
1338,肿节风注射液
1339,尿嘧啶替加氟胶囊
1340,注射用盐酸吉西他滨
1341,复方阿胶补血膏
1342,散结片
1343,康莱特注射液
1344,楼莲胶囊
1345,复方肝水解物片
1346,茵芪肝复颗粒
1347,茵莲清肝颗粒
1348,大豆磷脂散
1349,弹性酶肠溶片
1350,阿昔莫司胶囊
1351,藻酸双酯钠片
1352,奥利司他片
1353,辛伐他汀胶囊
1354,烟酸片
1355,非诺贝特片
1356,消栓通络片
1357,三七化痔丸
1358,口服补液盐散(Ⅱ)
1359,口服补液盐Ⅲ
1360,螺内酯胶囊
1361,生化丸
1362,钠钾镁钙葡葡糖注射液
1363,乳酸钠林格注射液
1364,乳酸盐-G4.25%
1365,转化糖电解质注射液
1366,复方氯化钠注射液
1367,乳酸盐-G2.5%
1368,人参卫生丸
1369,倍芪腹泻贴
1370,夜尿宁丸
1371,健脾止遗片
1372,遗尿停胶囊
1373,盐酸丙米嗪片
1374,醋酸去氨加压素片
1375,尼群地平片
1376,肾康栓
1377,盐酸头孢他美酯片
1378,匹多莫德颗粒
1379,酒石酸托特罗定片
1380,桂蒲肾清片
1381,盐酸黄酮哌酯片
1382,甲硫酸新斯的明注射液
1383,注射用单磷酸阿糖腺苷
1384,葡萄糖酸钙片
1385,葡萄糖酸钙注射液
1386,聚磺苯乙烯钠散
1387,三金片
1388,复方石韦胶囊
1389,加替沙星胶囊
1390,呋喃妥因肠溶片
1391,头孢克洛干混悬剂
1392,热淋清颗粒
1393,甘露醇注射液
1394,枸橼酸钾缓释片
1395,复方甘露醇注射液
1396,血尿胶囊
1397,肾炎四味胶囊
1398,复方石韦颗粒
1399,复方石韦咀嚼片
1400,肾复康片
1401,肾复康胶囊
1402,芦丁片
1403,益肾康胶囊
1404,肾安胶囊
1405,复方肾炎片
1406,肾炎舒片
1407,肾炎舒颗粒
1408,肾炎康复片
1409,复方芦丁片
1410,肾康宁胶囊
1411,罗布麻茶
1412,萆薢分清丸
1413,射干抗病毒注射液
1414,注射用重组人干扰素α1b
1415,环孢素软胶囊
1416,环孢素口服溶液
1417,注射用头孢美唑钠
1418,无糖型
1419,复方α-酮酸片
1420,阿法骨化醇片
1421,包醛氧淀粉胶囊
1422,肾衰宁颗粒
1423,肾衰宁胶囊
1424,海昆肾喜胶囊
1425,肾衰宁片
1426,黄葵胶囊
1427,潞党参口服液
1428,滋补肝肾丸
1429,泌淋清胶囊
1430,匹多莫德片
1431,知柏地黄丸
1432,癃清片
1433,宁泌泰胶囊
1434,匹多莫德口服溶液
1435,力加寿片
1436,盐酸米多君片
1437,缩泉胶囊
1438,天蓉益肾合剂
1439,盐酸丙哌维林片
1440,酒石酸托特罗定缓释片
1441,西帕依麦孜彼子口服液
1442,琥珀酸索利那新片
1443,替勃龙片
1444,盐酸奥昔布宁缓释片
1445,鞣酸加压素注射液
1446,垂体后叶注射液
1447,尿石通丸
1448,肾石通丸
1449,消石片
1450,金甲排石胶囊
1451,排石颗粒
1452,荡石片
1453,肾石通颗粒
1454,五淋化石胶囊
1455,五淋化石丸
1456,叶金排石胶囊
1457,注射用卡铂
1458,香菇多糖胶囊
1459,羟喜树碱注射液
1460,血卟啉注射液
1461,去氧氟尿苷片
1462,肾炎四味片
1463,骨化三醇胶丸
1464,净石灵片
1465,净石灵胶囊
1466,盐酸奥昔布宁口服溶液
1467,盐酸替利定口服溶液
1468,注射用托拉塞米
1469,托拉塞米注射液
1470,冠心丸
1471,肠多糖片
1472,甘露六烟酯片
1473,泌石通胶囊
1474,肾炎安胶囊
1475,别嘌醇片
1476,五苓片
1477,补中益气片
1478,补中益气膏
1479,补中益气丸(浓缩丸)
1480,硝苯地平片
1481,醋酸可的松注射液
1482,醋酸可的松片
1483,醋酸氢化可的松片
1484,醋酸泼尼松龙片
1485,醋酸泼尼松龙注射液
1486,甘草流浸膏
1487,贞芪扶正颗粒
1488,浓氯化钠注射液
1489,呋噻米片
1490,托伐普坦片
1491,9AA
1492,聚苯乙烯磺酸钙散
1493,乌兰三味汤散
1494,醋酸甲地孕酮分散片
1495,醋酸甲羟孕酮分散片
1496,甲苯磺酸索拉非尼片
1497,醋酸甲羟孕酮片
1498,羟基脲片
1499,头孢克洛分散片
1500,西洛他唑胶囊
1501,贝前列素钠片
1502,烟酸肌醇酯片
1503,盐酸沙格雷酯片
1504,降糖舒片
1505,胰激肽原酶肠溶片
1506,渴络欣胶囊
1507,参茸鞭丸
1508,十味诃子片
1509,当归拈痛丸
1510,小儿复方磺胺甲噁唑颗粒
1511,小儿七星茶颗粒
1512,甲硝唑氯己定洗剂
1513,醋酸去氨加压素注射液
1514,肾炎消肿片
1515,石杉碱甲片
1516,氟哌啶醇片
1517,奥拉西坦胶囊
1518,盐酸多奈哌齐胶囊
1519,盐酸多奈哌齐片
1520,健脑胶囊
1521,脑蛋白水解物口服液
1522,灯盏生脉胶囊
1523,石龙清血颗粒
1524,盐酸吡硫醇片
1525,复方活脑舒胶囊
1526,腰息痛胶囊
1527,萘普生肠溶微丸胶囊
1528,麝香壮骨膏
1529,消炎镇痛膏
1530,布洛芬缓释胶囊
1531,甲钴胺片
1532,参志胶囊
1533,重组人干扰素β1a注射液
1534,宁心益智胶囊
1535,盐酸赖氨酸葡萄糖注射液
1536,九味益脑颗粒
1537,盐酸纳洛酮舌下片
1538,健脑丸
1539,长春胺缓释胶囊
1540,固本回元口服液
1541,枣仁安神液
1542,血府逐瘀口服液
1543,舒心安神口服液
1544,解郁丸
1545,养血清脑丸
1546,芪冬颐心口服液
1547,景志安神口服液
1548,安神健脑液
1549,安神补脑液
1550,枣仁安神颗粒
1551,甲芬那酸片
1552,酚氨咖敏颗粒
1553,天麻素片
1554,元胡止痛胶囊
1555,安乃近片
1556,巴氯芬片
1557,维生素B12片
1558,甲钴胺胶囊
1559,腺苷钴胺片
1560,甲钴胺分散片
1561,三维B片
1562,盐酸倍他司汀片
1563,大活络丸
1564,注射用奥硝唑
1565,甲硝唑注射液
1566,奥硝唑注射液
1567,氯霉素注射液
1568,平消片
1569,注射用胸腺肽
1570,硫酸锌片
1571,二巯丁二酸胶囊
1572,注射用二巯丁二钠
1573,生理氯化钠溶液
1574,复方电解质葡萄糖R2A注射液
1575,补心气口服液
1576,驴胶补血颗粒
1577,红花逍遥片
1578,苁蓉益肾颗粒
1579,十全大补膏
1580,养血补肾丸
1581,安康颗粒
1582,脑脉泰胶囊
1583,骨筋丸胶囊
1584,附桂骨痛胶囊
1585,壮骨伸筋胶囊
1586,抗骨增生片
1587,颈康胶囊
1588,根痛平片
1589,抗骨增生胶囊
1590,舒筋通络颗粒
1591,颈痛片
1592,藤黄健骨胶囊
1593,骨刺宁胶囊
1594,藤黄健骨片
1595,盐酸乙哌立松片
1596,附桂骨痛颗粒
1597,颈舒颗粒
1598,伸筋丹胶囊
1599,益髓颗粒
1600,普卢利沙星胶囊
1601,复方当归注射液
1602,注射用腺苷钴胺
1603,脑蛋白水解物片
1604,安宫牛黄丸
1605,盐酸替扎尼定片
1606,巴特日七味丸
1607,耳聋左慈丸
1608,龙胆泻肝口服液
1609,当归龙荟胶囊
1610,滴耳油
1611,通窍耳聋丸
1612,耳聋片
1613,当归龙荟片
1614,三宝胶囊
1615,益气聪明丸
1616,尼莫地平缓释片
1617,黄豆苷元片
1618,愈风宁心片
1619,耳聋胶囊
1620,耳聋丸
1621,肌氨肽苷注射液
1622,益脉康片
1623,胞磷胆碱钠胶囊
1624,溶栓胶囊
1625,长春西汀片
1626,桂利嗪片
1627,脑安胶囊
1628,脑栓康复胶囊
1629,盐酸倍他司汀口服液
1630,醒脑再造胶囊
1631,脑塞通丸
1632,血塞通胶囊
1633,脑络通胶囊
1634,双红活血胶囊
1635,降脂减肥片
1636,益康胶囊
1637,血络通胶囊
1638,复方氨基丁酸维E胶囊
1639,杏灵分散片
1640,山玫胶囊
1641,脑心清胶囊
1642,银杏酮酯滴丸
1643,天丹通络胶囊
1644,血塞通片
1645,蚓激酶肠溶胶囊
1646,人参再造丸
1647,银杏叶软胶囊
1648,血栓心脉宁片
1649,茴拉西坦胶囊
1650,血塞通软胶囊
1651,丹曲林钠胶囊
1652,益脉康分散片
1653,薄芝片
1654,盐酸司来吉兰胶囊
1655,盐酸普拉克索缓释片
1656,左旋多巴片
1657,单唾液酸四己糖神经节苷脂钠注射液
1658,吡贝地尔缓释片
1659,多巴丝肼片
1660,盐酸苯海索片
1661,甲磺酸溴隐亭片
1662,盐酸司来吉兰片
1663,盐酸普拉克索片
1664,屈昔多巴胶囊
1665,抑眩宁胶囊
1666,复方咖磷颗粒
1667,解郁安神胶囊
1668,二十味肉豆蔻丸
1669,维磷糖浆
1670,浓维磷糖浆
1671,薄芝糖肽注射液
1672,龙胆泻肝片
1673,安神补心丸
1674,杞菊地黄丸
1675,补肾强身片
1676,牛黄上清片
1677,归脾合剂
1678,十全大补酒
1679,当归片
1680,补肾强身胶囊
1681,明目地黄丸
1682,肌苷口服溶液
1683,杞菊地黄口服液
1684,琥珀安神丸
1685,氟哌噻吨美利曲辛片
1686,晕痛定胶囊
1687,豆腐果苷片
1688,参芪升阳补血胶囊
1689,去痛片
1690,三七伤药片
1691,复方乙酰水杨酸片
1692,布洛芬片
1693,和血明目片
1694,止血祛瘀明目片
1695,复方海蛇胶囊
1696,虫草双参酒
1697,黄芪精
1698,大败毒胶囊
1699,仁青常觉
1700,三味清热止痒洗剂
1701,依帕司他片
1702,依帕司他胶囊
1703,参灵通络胶囊
1704,甲钴胺注射液
1705,芪丹通络颗粒
1706,硫辛酸片
1707,硫辛酸注射液
1708,硫辛酸胶囊
1709,阿胶
1710,清眩片
1711,鹿角胶
1712,上清丸
1713,回心康片
1714,夏桑菊颗粒
1715,阿胶益寿口服液
1716,养血安神片
1717,心脑健片
1718,首乌延寿片
1719,益心酮片
1720,六味地黄丸
1721,牛黄解毒丸
1722,加味逍遥丸
1723,参茸卫生丸
1724,丙硫异烟胺肠溶片
1725,复方鲜竹沥液
1726,氨咖甘片
1727,三余神曲
1728,复方氢溴酸东莨菪碱贴膏
1729,香荷止痒软膏
1730,茶苯海明片
1731,活络油
1732,斧标驱风油
1733,复方樟柳碱注射液
1734,氢溴酸樟柳碱注射液
1735,丙戊酸镁片
1736,利培酮片
1737,奥氮平片
1738,碳酸锂片
1739,氯氮平片
1740,注射用左卡尼汀
1741,复方托吡卡胺滴眼液
1742,托吡卡胺滴眼液
1743,寒痹停片
1744,氢溴酸加兰他敏注射液
1745,注射用石杉碱甲
1746,溴吡斯的明片
1747,健步壮骨丸
1748,溴新斯的明片
1749,注射用头孢曲松钠
1750,颅痛宁颗粒
1751,桂枝茯苓丸
1752,调经促孕丸
1753,地屈孕酮片
1754,鳖甲胶
1755,桂枝茯苓胶囊
1756,止痛化癥片
1757,二十六味通经散
1758,大黄
1759,大黄蛰虫胶囊
1760,黄体酮胶丸
1761,二十六味通经胶囊
1762,黄体酮胶囊
1763,止痛化癥胶囊
1764,注射用顺铂
1765,十一酸睾酮胶丸
1766,醋酸氢化可的松注射液
1767,注射用重组人生长激素
1768,夏枯草片
1769,夏枯草膏
1770,夏枯草颗粒
1771,左甲状腺素钠片
1772,碘化油注射液
1773,消瘿五海丸
1774,碘酸钾片
1775,注射用重组人促卵泡激素
1776,重组促卵泡素β注射液
1777,注射用尿促卵泡素
1778,奥利司他胶囊
1779,轻身减肥片
1780,排毒清脂胶囊
1781,轻身消胖丸
1782,减肥胶囊
1783,降浊健美颗粒
1784,盐酸二甲双胍肠溶片
1785,排毒清脂片
1786,六味能消片
1787,维生素D3注射液
1788,阿法骨化醇软胶囊
1789,宁神丸
1790,睡安胶囊
1791,舒眠胶囊
1792,脑乐静口服液
1793,盐酸文拉法辛缓释胶囊
1794,雌二醇凝胶
1795,刺五加脑灵胶囊
1796,复方碳酸钙泡腾颗粒
1797,金乌骨通胶囊
1798,强骨胶囊
1799,阿仑膦酸钠片
1800,碳酸钙颗粒
1801,醋酸钙胶囊
1802,II
1803,骨康胶囊
1804,护骨胶囊
1805,醋酸钙颗粒
1806,仙灵骨葆片
1807,碳酸钙D3咀嚼片
1808,全鹿丸
1809,仙灵骨葆胶囊
1810,六味壮骨颗粒
1811,碳酸钙D3颗粒
1812,丙硫氧嘧啶肠溶胶囊
1813,注射用普罗瑞林
1814,夏枯草胶囊
1815,丙硫氧嘧啶肠溶片
1816,维生素D2丸
1817,甲状腺片
1818,骨化三醇软胶囊
1819,小金丸
1820,乳癖消胶囊
1821,乳安片
1822,聚甲酚磺醛溶液
1823,小金胶囊
1824,乳康丸
1825,乳增宁片
1826,岩鹿乳康胶囊
1827,乳癖消片
1828,丹参酮胶囊
1829,维生素D2片
1830,15
1831,维生素D2注射液
1832,锝[99mTc]司它比注射液
1833,注射用鲑降钙素
1834,注射用鲑鱼降钙素
1835,五维B颗粒
1836,复合维生素B注射液
1837,8-11
1838,呋喃硫胺片
1839,维生素B1丸
1840,复方氨基酸胶囊(8-11)
1841,腰肾膏
1842,五子衍宗丸
1843,益肾灵颗粒
1844,右归胶囊
1845,右归丸
1846,强阳保肾丸
1847,伊木萨克片
1848,健阳胶囊
1849,罗补甫克比日丸
1850,参茸三肾胶囊
1851,疏肝益阳胶囊
1852,肾宝片
1853,金锁固精丸
1854,男宝胶囊
1855,七鞭回春乐胶囊
1856,参茸强肾片
1857,芦笋菠萝蛋白酶胶囊
1858,散结止痛膏
1859,乳核散结胶囊
1860,乳核散结片
1861,达那唑胶囊
1862,祛瘀散结片
1863,抑亢散
1864,氢醌乳膏
1865,养荣祛斑膏
1866,润肌皮肤膏
1867,大枫子油
1868,乳疾灵颗粒
1869,红金消结片
1870,乳宁片
1871,乳康片
1872,乳癖康胶囊
1873,乳宁胶囊
1874,乳块消颗粒
1875,乳核内消颗粒
1876,乳癖舒胶囊
1877,乳块消糖浆
1878,乳核内消液
1879,消肿片
1880,乳块消胶囊
1881,甲睾酮片
1882,己烯雌酚片
1883,苯丁酸氮芥片
1884,注射用盐酸博莱霉素
1885,甲氨蝶呤片
1886,注射用盐酸博来霉素
1887,维胺酯胶囊
1888,醋酸曲安奈德尿素乳膏
1889,复方倍氯米松樟脑乳膏
1890,哈西奈德溶液
1891,复方氟米松软膏
1892,维A酸乳膏
1893,盐酸多塞平乳膏
1894,醋酸氟轻松乳膏
1895,丙酸氯倍他索乳膏
1896,哈西奈德乳膏
1897,丙酸氟替卡松乳膏
1898,注射用盐酸尼莫司汀
1899,消渴灵片
1900,消渴平片
1901,玉泉颗粒
1902,十八味诃子利尿胶囊
1903,米格列醇片
1904,盐酸二甲双胍缓释片
1905,天麦消渴片
1906,降糖宁胶囊
1907,渴乐宁胶囊
1908,盐酸二甲双胍片
1909,抗饥消渴片
1910,伏格列波糖片
1911,中性胰岛素注射液
1912,阿卡波糖胶囊
1913,替硝唑氯化钠注射液
1914,利奈唑胺片
1915,外用重组人表皮生长因子
1916,三维鱼肝油乳
1917,复方赖氨酸颗粒
1918,硫酸锌口服溶液
1919,甲硝唑芬布芬胶囊
1920,丁硼乳膏
1921,甲磺酸阿帕替尼片
1922,氟尿嘧啶乳膏
1923,氟尿嘧啶软膏
1924,六甲蜜胺胶囊
1925,注射用醋酸奥曲肽微球
1926,醋酸奥曲肽注射液
1927,注射用醋酸奥曲肽
1928,调经至宝丸
1929,妇科十味胶囊
1930,百宝丹胶囊
1931,十一味参芪胶囊
1932,利可君片
1933,升血调元汤
1934,血复生胶囊
1935,参芪十一味颗粒
1936,芪枣颗粒
1937,血宝胶囊
1938,生血宝合剂
1939,小牛脾提取物注射液
1940,银耳孢糖胶囊
1941,复方皂矾丸
1942,氨肽素片
1943,多糖蛋白片
1944,川黄口服液
1945,十一味参芪片
1946,地榆升白片
1947,乌苯美司胶囊
1948,倍他米松片
1949,复方黄黛片
1950,乌苯美司片
1951,复方大红袍止血胶囊
1952,止血灵胶囊
1953,咖啡酸片
1954,断血流片
1955,独一味滴丸
1956,痛血康胶囊
1957,龙血竭片
1958,大七厘片
1959,乌金口服液
1960,血美安胶囊
1961,血复生片
1962,再造生血胶囊
1963,归芪口服液
1964,增力再生丸
1965,生血丸
1966,十一酸睾酮软胶囊
1967,十一酸睾酮注射液
1968,维D2磷酸氢钙片
1969,三维葡磷钙咀嚼片
1970,葡萄糖酸钙含片
1971,赖氨酸磷酸氢钙颗粒
1972,维D2乳酸钙片
1973,牡蛎碳酸钙咀嚼片
1974,小儿四维葡钙颗粒
1975,碳酸钙片
1976,五维葡钙口服溶液
1977,维D2磷葡钙片
1978,去铁酮片
1979,地拉罗司分散片
1980,注射用甲磺酸去铁胺
1981,来那度胺胶囊
1982,西达本胺片
1983,益血生片
1984,杞枣口服液
1985,新生化颗粒
1986,当归补血口服液
1987,养血饮口服液
1988,阿归养血糖浆
1989,重组人粒细胞刺激因子注射液
1990,注射用重组人干扰素γ
1991,注射用重组人粒细胞巨噬细胞刺激因子
1992,高三尖杉酯碱氯化钠注射液
1993,高三尖杉酯碱注射液
1994,血宁糖浆
1995,血康胶囊
1996,江南卷柏片
1997,血宁胶囊
1998,重组人血小板生成素注射液
1999,血康口服液
2000,氨甲环酸注射液
2001,氨甲环酸氯化钠注射液
2002,人凝血因子Ⅷ
2003,血宁片
2004,人凝血因子VIII
2005,注射用氨甲环酸
2006,氨甲环酸片
2007,骨炎灵片
2008,八味秦皮丸
2009,甲磺酸左氧氟沙星片
2010,大蒜肠溶片
2011,苯酰甲硝唑分散片
2012,注射用头孢噻肟钠舒巴坦钠
2013,苯酰甲硝唑干混悬剂
2014,注射用维生素C
2015,亚甲蓝注射液
2016,培门冬酶注射液
2017,巯嘌呤片
2018,叶酸片
2019,甲磺酸伊马替尼片
2020,注射用磷酸氟达拉滨
2021,尼洛替尼胶囊
2022,甲磺酸伊马替尼胶囊
2023,肿痛安胶囊
2024,富马酸亚铁颗粒
2025,健脾生血片
2026,健脾补血颗粒
2027,硫酸亚铁缓释片
2028,健脾补血片
2029,硫酸亚铁片
2030,强骨生血口服液
2031,富马酸亚铁咀嚼片
2032,天然型
2033,盐酸纳洛酮注射液
2034,重酒石酸去甲肾上腺素注射液
2035,注射用肌氨肽苷
2036,蒺藜药酒
2037,维生素K1注射液
2038,亚硫酸氢钠甲萘醌注射液
2039,人凝血酶原复合物
2040,当归养血口服液
2041,益气养血口服液
2042,龟甲胶
2043,人参养荣丸
2044,朱砂安神丸
2045,妇科养荣丸
2046,复方首乌补液
2047,注射用重组人凝血因子VIII
2048,注射用重组人凝血因子VIIa
2049,新福菌素注射液
2050,注射用放线菌素D
2051,硫酸长春碱注射液
2052,苹果酸舒尼替尼胶囊
2053,盐酸多柔比星注射液
2054,八珍颗粒
2055,阿胶补血膏
2056,胎宝胶囊
2057,八珍益母丸
2058,白消安片
2059,固元胶囊
2060,脱氧核苷酸钠注射液
2061,脱氧核苷酸钠片
2062,抗人T细胞猪免疫球蛋白
2063,赖氨酸维B12颗粒
2064,心脑欣片
2065,心脑欣丸
2066,三尖杉酯碱注射液
2067,羟基脲胶囊
2068,注射用高三尖杉酯碱
2069,双花百合片
2070,清开灵滴丸
2071,小儿氨酚黄那敏颗粒
2072,滴通鼻炎水喷雾剂
2073,鼻康片
2074,鼻宁喷雾剂
2075,鼻舒适片
2076,盐酸羟甲唑啉喷雾剂
2077,鼻炎康片
2078,小儿鼻炎片
2079,胆香鼻炎片
2080,盐酸赛洛唑啉鼻用喷雾剂
2081,通窍鼻炎片
2082,鼻渊片
2083,鼻窦炎口服液
2084,防芷鼻炎片
2085,溶菌酶肠溶片
2086,辛夷鼻炎丸
2087,苍耳子鼻炎胶囊
2088,辛芳鼻炎胶囊
2089,香菊胶囊
2090,鼻渊胶囊
2091,脉络宁注射液
2092,灵孢多糖注射液
2093,骨刺消痛液
2094,白蚁巢胶囊
2095,透骨灵橡胶膏
2096,无敌丹胶囊
2097,筋骨痛消丸
2098,治伤胶囊
2099,杜记独角膏
2100,颈腰康胶囊
2101,藤黄健骨丸
2102,三乌胶丸
2103,如意珍宝丸
2104,痛风定胶囊
2105,双氯芬酸钠缓释片
2106,十五味乳鹏丸
2107,痛风舒片
2108,双氯芬酸钠肠溶缓释胶囊
2109,二十五味儿茶丸
2110,右旋酮洛芬氨丁三醇片
2111,全天麻胶囊
2112,麝香跌打风湿膏
2113,伤湿止痛膏
2114,消痛贴膏
2115,盐酸左西替利嗪分散片
2116,五维甘草那敏胶囊
2117,消风止痒颗粒
2118,氯雷他定胶囊
2119,盐酸西替利嗪片
2120,盐酸左西替利嗪片
2121,祛风止痒口服液
2122,消银颗粒
2123,氯雷他定糖浆
2124,盐酸非索非那定片
2125,氯雷他定片
2126,复方甘草酸苷胶囊
2127,特非那定片
2128,色甘酸钠气雾剂
2129,富马酸酮替芬片
2130,硫酸沙丁胺醇气雾剂
2131,富马酸酮替芬胶囊
2132,粉尘螨滴剂
2133,复方甘草酸铵注射液
2134,屋尘螨变应原制剂
2135,盐酸二氧丙嗪颗粒
2136,玻璃酸钠滴眼液
2137,擦癣药水
2138,参皇软膏
2139,双氯芬酸二乙胺乳胶剂
2140,草乌甲素胶丸
2141,双氯芬酸二乙胺凝胶
2142,硫酸氨基葡萄糖片
2143,吡罗昔康片
2144,硫酸羟氯喹片
2145,清热化毒丸
2146,酮洛芬凝胶
2147,双氯芬酸钠肠溶胶囊
2148,右旋布洛芬片
2149,萘丁美酮胶囊
2150,双氯芬酸钠盐酸利多卡因注射液
2151,萘普生钠氯化钠注射液
2152,布洛芬缓释混悬液
2153,姜酚胶丸
2154,双氯芬酸钠缓释片(Ⅰ)
2155,曲安奈德注射液
2156,双氯芬酸钠缓释胶囊
2157,依托度酸缓释片
2158,伤痛酊
2159,黑骨藤追风活络胶囊
2160,盐酸氨基葡萄糖片
2161,草乌甲素片
2162,盐酸氨基葡萄糖胶囊
2163,洛索洛芬钠片
2164,复方硫酸软骨素片
2165,通窍鼻炎颗粒
2166,曲安奈德鼻喷雾剂
2167,孟鲁司特钠片
2168,藿胆滴丸
2169,盐酸氮卓斯汀鼻喷雾剂
2170,鼻咽清毒颗粒
2171,丙酸倍氯米松乳膏
2172,复方丙酸氯倍他索软膏
2173,复方醋酸曲安西龙涂剂
2174,醋酸曲安奈德乳膏
2175,百癣夏塔热片
2176,奥沙普秦肠溶胶囊
2177,酮洛芬胶囊
2178,奥沙普秦肠溶片
2179,复方独活吲哚美辛胶囊
2180,鹿瓜多肽注射液
2181,灵仙跌打片
2182,依托芬那酯凝胶
2183,骨刺消痛胶囊
2184,小活络丸
2185,复方水杨酸甲酯苯海拉明喷雾剂
2186,安络痛胶囊
2187,牛痘疫苗接种家兔炎症皮肤提取物片
2188,骨肽片
2189,金骨莲片
2190,关节克痹丸
2191,吲哚美辛肠溶片
2192,磷霉素钙甲氧苄啶胶囊
2193,磷霉素氨丁三醇散
2194,头孢呋辛酯干混悬剂
2195,盐酸头孢他美酯干混悬剂
2196,乳癖清胶囊
2197,祛瘀散结胶囊
2198,注射用培美曲塞二钠
2199,复方倍他米松注射液
2200,复方水杨酸甲酯乳膏
2201,氯唑沙宗片
2202,麝香接骨胶囊
2203,四妙丸
2204,醋酸曲安奈德尿素软膏
2205,复方曲安奈德乳膏
2206,盐酸氯环利嗪片
2207,苍夷滴鼻剂
2208,盐酸左卡巴斯汀鼻喷雾剂
2209,富马酸酮替芬滴鼻液
2210,盐酸氮卓斯汀鼻喷剂
2211,吡嘧司特钾片
2212,阿西美辛缓释胶囊
2213,贝诺酯片
2214,萘普生片
2215,盐酸左旋咪唑搽剂
2216,滴通鼻炎水
2217,青霉素V钾胶囊
2218,注射用重组人白介素-2(Ⅰ)
2219,胸腺五肽注射液
2220,注射用更昔洛韦
2221,注射用转移因子
2222,脾氨肽口服冻干粉
2223,柳氮磺吡啶结肠溶胶囊
2224,吡罗昔康软膏
2225,滑膜炎颗粒
2226,阿咖片
2227,吡罗昔康胶囊
2228,昆明山海棠片
2229,丁酸氢化可的松乳膏
2230,复方青黛丸
2231,复方青黛胶囊
2232,积雪苷霜软膏
2233,脉管复康胶囊
2234,积雪苷片
2235,脉络宁口服液
2236,氟罗沙星分散片
2237,逐瘀消肿膏
2238,强力枇杷露
2239,复方气管炎片
2240,清热止咳颗粒
2241,阿胶牡蛎口服液
2242,阿莫西林双氯西林钠胶囊
2243,注射用拉氧头孢钠
2244,克林霉素磷酸酯阴道凝胶
2245,盐酸克林霉素棕榈酸酯干混悬剂
2246,注射用美洛西林钠舒巴坦钠
2247,注射用克林霉素磷酸酯
2248,接骨片
2249,跌打丸
2250,接骨续筋片
2251,伤科跌打丸
2252,复方骨肽注射液
2253,伤科接骨片
2254,筋骨宁膏
2255,乙酰半胱氨酸颗粒
2256,芪苈强心胶囊
2257,托拉塞米片
2258,培哚普利片
2259,乌龙养血胶囊
2260,梁财信跌打丸
2261,止血镇痛胶囊
2262,三七胶囊
2263,甘油果糖氯化钠注射液
2264,甘油果糖注射液
2265,甘油氯化钠注射液
2266,替莫唑胺胶囊
2267,替尼泊苷注射液
2268,洛莫司汀胶囊
2269,消瘀康胶囊
2270,二乙酰氨乙酸乙二胺氯化钠注射液
2271,脑血康片
2272,脑血康丸
2273,脑血康口服液
2274,脑血康胶囊
2275,脑血康滴丸
2276,消瘀康片
2277,蜡样芽孢杆菌活菌胶囊
2278,七叶皂苷钠片
2279,注射用七叶皂苷钠
2280,牛黄清心丸
2281,舒筋活血丸
2282,治伤软膏
2283,舒筋活血胶囊
2284,接骨七厘片
2285,跌打损伤丸
2286,盘龙七片
2287,独一味软胶囊
2288,伤筋正骨酊
2289,独一味胶囊
2290,舒筋活血片
2291,水解蛋白口服溶液
2292,麝香祛痛搽剂
2293,风湿寒痛片
2294,少林跌打止痛膏
2295,壮骨麝香止痛膏
2296,二十五味鬼臼丸
2297,阿昔洛韦片
2298,司坦唑醇片
2299,注射用盐酸丁卡因
2300,盐酸乙哌立松颗粒
2301,白脉软膏
2302,沉香十七味丸
2303,天蚕片
2304,化风丹
2305,硫酸妥布霉素注射液
2306,注射用硫酸庆大霉素
2307,硫酸庆大霉素注射液
2308,尼莫地平片
2309,脑震宁颗粒
2310,头痛定糖浆
2311,吡拉西坦胶囊
2312,脑蛋白水解物注射液
2313,血府逐瘀丸
2314,天麻素注射液
2315,环扁桃酯胶囊
2316,结核丸
2317,甘露聚糖肽注射液
2318,注射用香菇多糖
2319,芪蓝扶正颗粒
2320,丙戊酸钠糖浆
2321,银杏达莫注射液
2322,甜梦胶囊
2323,磷酸川芎嗪片
2324,七厘散
2325,胞磷胆碱钠片
2326,艾地苯醌片
2327,血府逐瘀颗粒
2328,三七片
2329,胞磷胆碱钠氯化钠注射液
2330,胞磷胆碱钠葡萄糖注射液
2331,源吉林甘和茶
2332,复方羊角片
2333,鸦胆子油口服乳液
2334,丁苯酞软胶囊
2335,银杏叶片
2336,乌军治胆胶囊
2337,朴实颗粒
2338,利胆片
2339,烂积丸
2340,消炎利胆滴丸
2341,十五味赛尔斗丸
2342,注射用夫西地酸钠
2343,重组人生长激素注射液
2344,消石利胆胶囊
2345,西咪替丁片
2346,复方磺胺嘧啶锌凝胶
2347,十六味马蔺子丸
2348,前列舒乐颗粒
2349,前列欣胶囊
2350,前列泰胶囊
2351,前列舒乐胶囊
2352,癃清胶囊
2353,前列舒丸
2354,前列通片
2355,前列癃闭通片
2356,尿清舒颗粒
2357,普乐安片
2358,利福平乳膏
2359,泽桂癃爽片
2360,前列通胶囊
2361,前列通栓
2362,癃闭舒胶囊
2363,盐酸坦索罗辛缓释胶囊
2364,舒泌通片
2365,前列舒乐片
2366,非那雄胺片
2367,前列舒通胶囊
2368,盐酸坦洛新缓释片
2369,盐酸坦洛新缓释胶囊
2370,注射用醋酸曲普瑞林
2371,氟他胺片
2372,比卡鲁胺片
2373,结合雌激素片
2374,醋酸戈舍瑞林缓释植入剂
2375,石淋通片
2376,萘哌地尔胶囊
2377,尿路通胶囊
2378,头孢拉定颗粒
2379,盐酸洛美沙星片
2380,盐酸洛美沙星分散片
2381,注射用盐酸吡柔比星
2382,注射用绒促性素
2383,注射用重组人绒促性素
2384,补肾斑龙片
2385,龟芪壮骨颗粒
2386,参茸酒
2387,还少丹
2388,胚宝胶囊
2389,九味健肾胶囊
2390,益肾液
2391,固肾合剂
2392,复方苁蓉补肾合剂
2393,金匮肾气丸
2394,龟鹿补肾口服液
2395,补肾益气胶囊
2396,甲磺酸酚妥拉明分散片
2397,甲磺酸酚妥拉明颗粒
2398,三维制霉素栓
2399,复方黄松洗液
2400,妇炎平胶囊
2401,甲硝唑乳膏
2402,妇炎清洗剂
2403,阴痒康洗剂
2404,复方黄松湿巾
2405,复方黄藤洗液
2406,肤芩洗剂
2407,苦柏止痒洗液
2408,聚甲酚磺醛栓
2409,妇洁舒洗液
2410,阿娜尔妇洁液
2411,妇肤康喷雾剂
2412,小儿智力糖浆
2413,京万红痔疮膏
2414,美辛唑酮栓
2415,美辛唑酮红古豆醇酯栓
2416,无水硫酸钠肠溶胶囊
2417,克比热提片
2418,赛霉安散
2419,吲哚美辛呋喃唑酮栓
2420,消肿痔疮片
2421,赛霉安乳膏
2422,氯碘羟喹乳膏
2423,柏花草胶囊
2424,马应龙麝香痔疮膏
2425,京万红软膏
2426,醋酸氟轻松冰片乳膏
2427,曲咪新乳膏
2428,痔炎消颗粒
2429,麝香痔疮栓
2430,痔速宁片
2431,痔速宁胶囊
2432,痔疮胶囊
2433,痔疮片
2434,八味锡类散
2435,参苓白术片
2436,复方仙鹤草肠炎片
2437,注射用青霉素钾
2438,19AA-Ⅰ
2439,复方角菜酸酯栓
2440,云南白药痔疮膏
2441,化痔栓
2442,熊胆痔灵膏
2443,槐角丸
2444,肛泰软膏
2445,肛泰
2446,肤痔清软膏
2447,普济痔疮栓
2448,鳖甲消痔胶囊
2449,消痔软膏
2450,九味痔疮胶囊
2451,醋酸氯己定痔疮栓
2452,消痔栓
2453,复方片仔癀痔疮软膏
2454,金玄痔科熏洗散
2455,肛泰栓
2456,一清颗粒
2457,复方双金痔疮膏
2458,江西京通美联一清颗粒
2459,沙溪金菊五花茶颗粒
2460,痔宁片
2461,复方消痔栓
2462,痔疮外洗药
2463,葛泰地奥司明片
2464,熊胆痔疮膏
2465,活血止痛胶囊
2466,龙血竭胶囊
2467,麝香舒活精
2468,关节止痛膏
2469,沈阳红药胶囊
2470,活血止痛膏
2471,跌打红药胶囊
2472,伤痛宁膏
2473,注射用氨磷汀
2474,阿司待因片
2475,骨刺宁片
2476,根痛平胶囊
2477,腰痹通胶囊
2478,腰痛宁胶囊
2479,跳骨片
2480,消肿止痛酊
2481,云南白药膏
2482,麝香镇痛膏
2483,国公酒
2484,祖师麻膏药
2485,双虎肿痛宁喷雾剂
2486,麝香祛痛气雾剂
2487,环磷酰胺片
2488,速溶
2489,注射用环磷酰胺
2490,胆维丁乳
2491,维生素D滴剂
2492,肾骨片
2493,胶囊型
2494,维生素AD滴剂
2495,替硝唑注射液
2496,注射用头孢呋辛钠
2497,抗骨髓炎片
2498,维B1乳酸钙片
2499,恒古骨伤愈合剂
2500,正骨膏
2501,归芍活血胶囊
2502,丹郁骨康丸
2503,通络生骨胶囊
2504,骨苓通痹丸
2505,健骨生丸
2506,吲哚美辛软膏
2507,复方吲哚美辛乳膏
2508,吲哚美辛凝胶
2509,注射用头孢噻肟钠
2510,抗骨质增生丸
2511,硫酸氨基葡萄糖胶囊
2512,注射用头孢尼西钠
2513,头孢羟氨苄甲氧苄啶胶囊
2514,滑膜炎片
2515,法罗培南钠胶囊
2516,辣椒碱乳膏
2517,止痛消炎软膏
2518,正骨水
2519,伤科万花油
2520,冯了性风湿跌打药酒
2521,少林风湿跌打膏
2522,中华跌打丸
2523,附桂风湿膏
2524,虎力散胶囊
2525,注射用依托泊苷
2526,依托泊苷注射液
2527,单唾液酸四己糖神经节苷脂钠盐注射液
2528,单唾液酸四已糖神经节苷脂钠注射液
2529,利鲁唑片
2530,舒筋健腰丸
2531,海狗丸
2532,祛风止痛胶囊
2533,乳酸依沙吖啶溶液
2534,环孢素滴眼液
2535,阿米卡星洗剂
2536,保胎无忧散
2537,注射用盐酸罗哌卡因
2538,保胎无忧片
2539,盐酸罗哌卡因注射液
2540,保胎无忧胶囊
2541,伤科跌打片
2542,独一味颗粒
2543,伤科七味片
2544,复方三七胶囊
2545,双虎肿痛宁
2546,骨折挫伤胶囊
2547,接骨丸
2548,骨松宝胶囊
2549,红药片
2550,生三七散
2551,跌打扭伤灵酊
2552,狗皮膏
2553,阿法骨化醇胶囊
2554,双氯芬酸钠凝胶
2555,活血止痛散
2556,吲哚美辛胶囊
2557,元七骨痛酊
2558,盐酸沙丙蝶呤片
2559,骨疏康颗粒
2560,丹杞颗粒
2561,牡蛎碳酸钙胶囊
2562,枸橼酸钙片
2563,碳酸钙咀嚼片
2564,特立帕肽注射液
2565,磁朱丸
2566,补肾益脑胶囊
2567,维磷葡钙片
2568,乳酸钙颗粒
2569,三维钙片
2570,牛痘疫苗致炎兔皮提取物注射液
2571,七厘胶囊
2572,萘普生栓
2573,骨质宁搽剂
2574,骨增生镇痛膏
2575,骨刺平片
2576,骨刺片
2577,关节镇痛膏
2578,活血跌打丸
2579,洛索洛芬钠胶囊
2580,布洛芬凝胶
2581,腰痛片
2582,尼美舒利胶囊
2583,通滞苏润江胶囊
2584,双醋瑞因胶囊
2585,天麻胶囊
2586,风湿圣药胶囊
2587,吲哚美辛贴片
2588,复方脑蛋白水解物片
2589,四季三黄片
2590,喉痛消炎丸
2591,三黄片
2592,鱼石脂软膏
2593,清火片
2594,甲磺酸培氟沙星乳膏
2595,珍黄片
2596,复方磺胺氧化锌软膏
2597,如意金黄散
2598,五福化毒丸
2599,金喉健喷雾剂
2600,西吡氯铵含漱液
2601,开喉剑喷雾剂
2602,复方珍珠口疮颗粒
2603,复方氯己定地塞米松膜
2604,冰硼散
2605,口炎清颗粒
2606,牛黄清火丸
2607,西帕依固龈液
2608,复方氯己定含漱液
2609,口腔溃疡散
2610,复方一枝黄花喷雾剂
2611,莫家清宁丸
2612,康复新液
2613,磺胺嘧啶银乳膏
2614,橡皮生肌膏
2615,湿润烧伤膏
2616,创灼膏
2617,烧伤喷雾剂
2618,烧烫伤膏
2619,硼酸氧化锌冰片软膏
2620,辣椒风湿膏
2621,樟脑软膏
2622,氧氟沙星凝胶
2623,解痉镇痛酊
2624,冻疮膏
2625,复方辣椒贴片
2626,匹多莫德胶囊
2627,复方伤痛胶囊
2628,酊剂
2629,精制狗皮膏
2630,碘酊
2631,大七厘胶囊
2632,点舌丸
2633,盐酸萘替芬乳膏
2634,水杨酸软膏
2635,酞丁安乳膏
2636,硫软膏
2637,云南白药酊
2638,解毒烧伤软膏
2639,聚维酮碘溶液
2640,红霉素软膏
2641,甲紫溶液
2642,三黄珍珠膏
2643,烫伤油
2644,盐酸左氧氟沙星氯化钠注射液
2645,麝香回阳膏
2646,水杨酸苯酚贴膏
2647,六神丸
2648,龙珠软膏
2649,复方南板蓝根颗粒
2650,蒲地蓝消炎口服液
2651,二丁颗粒
2652,肝素钠含片
2653,己酮可可碱缓释片
2654,痔根断片
2655,芪珍胶囊
2656,来曲唑片
2657,参丹散结胶囊
2658,尼妥珠单抗注射液
2659,天芝草胶囊
2660,鼻咽灵片
2661,复方氟尿嘧啶片
2662,注射用盐酸米托蒽醌
2663,125Ala注射液
2664,假单胞菌
2665,注射用硫酸长春地辛
2666,注射用重组人白介素-2
2667,125Ala
2668,欧文
2669,紫杉醇注射液
2670,埃希
2671,甲磺酸-a-二氢麦角隐亭片
2672,马蔺子素胶囊
2673,锝[99mTc]甲氧乙腈注射液
2674,醋酸甲地孕酮胶囊
2675,醋酸甲地孕酮软胶囊
2676,注射用去水卫矛醇
2677,复方芙蓉泡腾栓
2678,康妇消炎栓
2679,甲硝唑阴道泡腾片
2680,双唑泰泡腾片
2681,红核妇洁洗液
2682,乌鸡白凤丸
2683,皮肤康洗液
2684,醋酸氯己定栓
2685,复方莪术油栓
2686,保妇康栓
2687,甲硝唑呋喃唑酮栓
2688,苦参凝胶
2689,消糜栓
2690,复方甲硝唑阴道泡腾片
2691,保胎灵胶囊
2692,人胎盘片
2693,参茸鹿胎丸
2694,枸橼酸氯米芬胶囊
2695,散结镇痛胶囊
2696,坤灵丸
2697,龟鹿补肾片
2698,暖宫七味散
2699,培坤丸
2700,麒麟丸
2701,暖宫孕子丸
2702,原百仙妇炎清栓
2703,甲硝唑栓
2704,洁尔阴洗液
2705,妇炎康复片
2706,舒康凝胶剂
2707,苦参膜
2708,康妇软膏
2709,普罗雌烯乳膏
2710,利夫康洗剂
2711,康妇凝胶
2712,黄苦洗液
2713,金归洗液
2714,妇炎平栓
2715,金刚藤咀嚼片
2716,妇炎康软胶囊
2717,武力拔寒散
2718,金鸡胶囊
2719,康妇炎胶囊
2720,花红片
2721,金鸡颗粒
2722,金刚藤糖浆
2723,金刚藤胶囊
2724,宫颈癌片
2725,宫颈癌栓
2726,参坤养血颗粒
2727,暖宫孕子片
2728,复方醋酸棉酚片
2729,抗宫炎片
2730,妇科千金胶囊
2731,断血流软胶囊
2732,断血流胶囊
2733,产妇安胶囊
2734,葆宫止血颗粒
2735,止血宝胶囊
2736,抗宫炎软胶囊
2737,妇科止血灵胶囊
2738,莉芙敏片
2739,佳蓉丸
2740,活力源片
2741,更年安片
2742,黄体酮软胶囊
2743,坤宝丸
2744,古汉养生精片
2745,活力源口服液
2746,坤泰胶囊
2747,舒神灵胶囊
2748,静心口服液
2749,香芍颗粒
2750,痛经宁胶囊
2751,康媛颗粒
2752,妇科十味片
2753,黄体酮注射液
2754,艾附暖宫丸
2755,妇科千金片
2756,妇乐片
2757,妇科止带胶囊
2758,头孢特仑新戊酯胶囊
2759,苦参碱栓
2760,治糜康栓
2761,保妇康凝胶
2762,奥硝唑阴道栓
2763,康复灵栓
2764,阴道用乳杆菌活菌胶囊
2765,妇科止痒片
2766,结合雌激素乳膏
2767,双唑泰阴道凝胶
2768,复方甲硝唑阴道栓
2769,盐酸环丙沙星栓
2770,舒安卫生栓
2771,消结安胶囊
2772,止痛化癥颗粒
2773,金刚藤口服液
2774,红金消结胶囊
2775,消结安口服液
2776,金刚藤软胶囊
2777,红金消结浓缩丸
2778,抗妇炎胶囊
2779,白带丸
2780,人胎盘组织液
2781,甲磺酸培氟沙星胶囊
2782,天紫红女金胶囊
2783,盐酸特比萘芬阴道泡腾片
2784,妇炎康复咀嚼片
2785,匹多莫德分散片
2786,妇科白带胶囊
2787,妇炎康复颗粒
2788,经带宁胶囊
2789,宫炎平片
2790,金英胶囊
2791,妇炎康片
2792,痛经宝颗粒
2793,丹鳖胶囊
2794,龙首颗粒
2795,丹黄祛瘀胶囊
2796,头孢妥仑匹酯片
2797,司帕沙星胶囊
2798,头孢泊肟酯片
2799,头孢地尼胶囊
2800,重组赖脯胰岛素注射液
2801,30R
2802,精蛋白锌胰岛素注射液(30R)
2803,硫酸镁注射液
2804,杜仲颗粒
2805,聚甲酚磺醛阴道栓
2806,妇炎灵栓
2807,茯蒲洗液
2808,聚维酮碘乳膏
2809,苦参栓
2810,硝酸咪康唑栓
2811,制霉素阴道栓
2812,定坤丹
2813,复方益母片
2814,鹿胎膏
2815,复方益母草膏
2816,气血和胶囊
2817,短棒状杆菌制剂
2818,洁阴止痒洗液
2819,肤阴洁液
2820,妇康宁片
2821,益母草膏
2822,妇康片
2823,妇科调经片
2824,经血宁胶囊
2825,四物颗粒
2826,暖宫七味丸
2827,宁坤丸
2828,鹿胎胶囊
2829,妇康宝口服液
2830,妇月康胶囊
2831,少腹逐瘀丸
2832,益母草颗粒
2833,广誉远定坤丹
2834,回春酒
2835,盐酸伐地那非片
2836,脑灵素胶囊
2837,他达拉非片
2838,三肾丸
2839,海马巴戟胶囊
2840,健阳片
2841,蚕蛾公补片
2842,柏栀祛湿洗液
2843,硝呋太尔阴道片
2844,塞克硝唑胶囊
2845,替硝唑阴道泡腾片
2846,苦参软膏
2847,宫瘤消胶囊
2848,双橘颗粒
2849,平消胶囊
2850,宫瘤宁胶囊
2851,宫瘤清片
2852,卡前列甲酯栓
2853,孕三烯酮胶囊
2854,大黄蛰虫丸
2855,注射用醋酸亮丙瑞林缓释微球
2856,达那唑栓
2857,注射用醋酸亮丙瑞林微球
2858,北芪片
2859,黄芪片
2860,伊血安颗粒
2861,产复康颗粒
2862,益母草软胶囊
2863,参芪首乌补汁
2864,鲜益母草胶囊
2865,养血当归糖浆
2866,产妇安颗粒
2867,定坤丸
2868,千金保孕丸
2869,安胎丸
2870,地诺前列素注射液
2871,安胎益母丸
2872,地诺前列酮栓
2873,孕康口服液
2874,固肾安胎丸
2875,乐孕宁口服液
2876,乐孕宁颗粒
2877,保胎灵片
2878,保胎灵
2879,烯丙雌醇片
2880,盐酸利托君注射液
2881,孕康颗粒
2882,妇康宝颗粒
2883,保胎丸
2884,注射用盐酸利托君
2885,醋酸阿托西班注射液
2886,盐酸利托君片
2887,维生素E胶丸
2888,维生素E胶丸(天然型)
2889,右旋糖酐40氯化钠注射液
2890,羟乙基淀粉130/0.4氯化钠注射液
2891,辅酶Q10氯化钠注射液
2892,小儿脐风散
2893,静灵口服液
2894,紫雪
2895,牛黄抱龙丸
2896,菖麻熄风片
2897,羚羊清肺散
2898,醒脑安神片
2899,九味熄风颗粒
2900,体外培育牛黄
2901,可乐定透皮贴片
2902,伊曲康唑口服液
2903,克霉唑片
2904,度米芬含片
2905,多动宁胶囊
2906,盐酸哌甲酯片
2907,盐酸托莫西汀胶囊
2908,千金藤啶碱片
2909,盐酸哌甲酯缓释片
2910,地牡宁神口服液
2911,米氮平片
2912,氢溴酸西酞普兰片
2913,马来酸氟伏沙明片
2914,草酸艾司西酞普兰片
2915,盐酸氯米帕明片
2916,盐酸舍曲林片
2917,利培酮胶囊
2918,盐酸帕罗西汀片
2919,盐酸度洛西汀肠溶胶囊
2920,盐酸米安色林片
2921,盐酸文拉法辛胶囊
2922,盐酸氟西汀胶囊
2923,利培酮口腔崩解片
2924,五氟利多片
2925,利培酮口服溶液
2926,槟榔十三味丸
2927,氯氮平口腔崩解片
2928,氨磺必利片
2929,清热安宫丸
2930,阿立哌唑片
2931,盐酸齐拉西酮胶囊
2932,蒲地蓝消炎胶囊
2933,了哥王片
2934,板蓝根颗粒
2935,脂肪乳注射液[C14-24]
2936,糠酸莫米松凝胶
2937,C14～24
2938,儿肤康搽剂
2939,止痒消炎水
2940,炎琥宁氯化钠注射液
2941,婴儿保肺宁
2942,多维元素片
2943,维生素A软胶囊
2944,善存银片
2945,鱼肝油乳
2946,29
2947,维生素AD软胶囊
2948,21
2949,23
2950,小儿维生素咀嚼片
2951,复方多维元素片(23)
2952,氧氟沙星滴眼液
2953,妥布霉素滴眼液
2954,地塞米松磷酸钠滴眼液
2955,氧氟沙星眼膏
2956,盐酸左氧氟沙星眼用凝胶
2957,盐酸洛美沙星滴眼液
2958,妥布霉素地塞米松滴眼液
2959,盐酸洛美沙星眼用凝胶
2960,肝浸膏片
2961,右旋糖酐铁注射液
2962,潞党参膏滋
2963,复方肝浸膏片
2964,富马酸亚铁片
2965,克林霉素磷酸酯溶液
2966,阿达帕林凝胶
2967,赖氨酸磷酸氢钙片
2968,复方锌铁钙口服溶液
2969,复方锌铁钙颗粒
2970,葡萄糖酸锌咀嚼片
2971,茵栀黄软胶囊
2972,乙肝扶正胶囊
2973,益肝灵滴丸
2974,甘草酸二铵注射液
2975,异甘草酸镁注射液
2976,克癀胶囊
2977,金菌灵胶囊
2978,法可林滴眼液
2979,维A酸片
2980,异维A酸软胶囊
2981,复方青黛片
2982,妇炎康丸
2983,三合钙咀嚼片
2984,头孢氨苄缓释片
2985,肥儿宝颗粒
2986,小儿奇应丸
2987,甲硝唑氯己定软膏
2988,穿心莲片
2989,牛黄解毒片
2990,头孢克洛缓释胶囊
2991,金菊五花茶颗粒
2992,复方红根草片
2993,感冒清胶囊
2994,新癀片
2995,二维钙赖氨酸片
2996,健宝灵颗粒
2997,复明胶囊
2998,复明片
2999,盐酸卡替洛尔滴眼液
3000,珍视明滴眼液
3001,马来酸噻吗洛尔滴眼液
3002,复方硫酸新霉素滴眼液
3003,醋甲唑胺片
3004,石斛夜光丸
3005,明目蒺藜丸
3006,四味珍层冰硼滴眼液(珍视明滴眼液)
3007,双氯芬酸钠滴眼液
3008,十五味萝蒂明目丸
3009,消朦片
3010,障眼明片
3011,苄达赖氨酸滴眼液
3012,麝珠明目滴眼液
3013,冰珍去翳滴眼液
3014,消朦胶囊
3015,石斛明目丸
3016,泼尼松龙片
3017,制剂中间体
3018,注射用普罗碘铵
3019,卵磷脂络合碘胶囊
3020,卵磷脂络合碘片
3021,卡波姆滴眼液
3022,维生素A棕榈酸酯眼用凝胶
3023,熊胆滴眼液
3024,色甘酸钠滴眼液
3025,珍珠明目滴眼液
3026,复方牛磺酸滴眼液
3027,萘敏维滴眼液
3028,特灵眼药
3029,复方门冬维甘滴眼液
3030,退障眼膏
3031,氯霉素滴眼液
3032,重组牛碱性成纤维细胞生长因子滴眼液
3033,聚肌胞注射液
3034,板蓝根滴眼液
3035,更昔洛韦滴眼液
3036,利巴韦林滴眼液
3037,更昔洛韦眼用凝胶
3038,阿昔洛韦滴眼液
3039,注射用A型肉毒毒素
3040,阿米卡星滴眼液
3041,醋酸泼尼松龙滴眼液
3042,普拉洛芬滴眼液
3043,妥布霉素地塞米松眼膏
3044,硫酸阿托品眼用凝胶
3045,熊胆开明片
3046,醋酸氢化可的松滴眼液
3047,丙酸交沙霉素颗粒
3048,益视颗粒
3049,眼氨肽滴眼液
3050,益肝活血明目丸
3051,近视乐眼药水
3052,夏天无滴眼液
3053,冰珍清目滴眼液
3054,消旋山莨菪碱滴眼液
3055,增光胶囊
3056,复方氯化钠滴眼液
3057,聚乙烯醇滴眼液
3058,明目地黄胶囊
3059,氯化钠滴眼液
3060,羟丙甲纤维素滴眼液
3061,复方新斯的明牛磺酸滴眼液
3062,铁皮枫斗颗粒
3063,重组人表皮生长因子衍生物滴眼液
3064,复方硫酸软骨素滴眼液
3065,小牛血清去蛋白眼用凝胶
3066,硫酸软骨素滴眼液
3067,重组牛碱性成纤维细胞生长因子眼用凝胶
3068,熊胆黄芩滴眼液
3069,红霉素眼膏
3070,复方尿维氨滴眼液
3071,小牛血去蛋白提取物眼用凝胶
3072,熊胆丸
3073,维生素AE胶丸
3074,银杏叶提取物注射液
3075,银杏叶提取物滴剂
3076,七叶洋地黄双苷滴眼液
3077,诺氟沙星滴眼液
3078,加替沙星滴眼液
3079,乳酸左氧氟沙星滴眼液
3080,左氧氟沙星滴眼液
3081,盐酸金霉素眼膏
3082,头孢克洛缓释片
3083,复方磺胺甲噁唑钠滴眼液
3084,磷霉素钙胶囊
3085,萘非滴眼液
3086,咪唑斯汀缓释片
3087,酒石酸溴莫尼定滴眼液
3088,拉坦前列素滴眼液
3089,供口服用
3090,复方消旋山莨菪碱滴眼液
3091,复方决明片
3092,硫酸卡那霉素滴眼液
3093,氯替泼诺混悬滴眼液
3094,金叶滴眼剂
3095,酞丁安滴眼液
3096,罗红霉素干混悬剂
3097,硫酸锌尿囊素滴眼液
3098,盐酸环丙沙星滴眼液
3099,复方血栓通滴丸
3100,丹红化瘀口服液
3101,复方血栓通软胶囊
3102,复方血栓通片
3103,冻干
3104,血栓通注射液
3105,葛根素注射液
3106,血塞通注射液
3107,己酮可可碱氯化钠注射液
3108,葛根素葡萄糖注射液
3109,注射用己酮可可碱
3110,葛根素氯化钠注射液
3111,注射用葛根素
3112,乙酰唑胺片
3113,盐酸林可霉素滴眼液
3114,妥布霉素眼膏
3115,依诺沙星滴眼液
3116,盐酸仑氨西林片
3117,酞丁安搽剂
3118,泛昔洛韦片
3119,阿昔洛韦分散片
3120,阿昔洛韦乳膏
3121,阿昔洛韦凝胶
3122,阿昔洛韦缓释片
3123,氟芬那酸丁酯软膏
3124,黄蒲洁肤洗剂
3125,炉甘石洗剂
3126,七参连软膏
3127,肤痒颗粒
3128,乙氧苯柳胺软膏
3129,除湿止痒洗液
3130,连翘败毒丸
3131,黄连羊肝丸
3132,重组人表皮生长因子滴眼液
3133,除翳明目片
3134,六锐胶囊
3135,八宝拨云散
3136,拨云眼膏
3137,金牛眼药
3138,拨云复光散
3139,毛冬青注射液
3140,氟康唑滴眼液
3141,风寒咳嗽颗粒
3142,海珠喘息定片
3143,莲芝消炎片
3144,消炎止咳片
3145,热炎宁合剂
3146,头孢氨苄缓释胶囊
3147,鼻渊丸
3148,鼻炎灵片
3149,双花草珊瑚含片
3150,双料喉风散
3151,复方片仔癀含片
3152,复方鱼腥草颗粒
3153,鼻渊通窍颗粒
3154,那如三味丸
3155,嘎日迪五味丸
3156,清咽片
3157,盐酸环丙沙星滴耳液
3158,盐酸洛美沙星滴耳液
3159,过氧化氢溶液
3160,头孢呋辛酯分散片
3161,冰连滴耳剂
3162,三七活血丸
3163,复方磺胺甲噁唑口服混悬液
3164,盐酸左氧氟沙星滴耳液
3165,氧氟沙星滴耳液
3166,西瓜霜润喉片
3167,众生丸
3168,山香圆颗粒
3169,小儿金翘颗粒
3170,黄连上清片
3171,清喉利咽颗粒
3172,六神胶囊
3173,冰矾清毒生肌散
3174,慢严舒柠
3175,复方青橄榄利咽含片
3176,京制牛黄解毒片
3177,喉炎丸
3178,喉症丸
3179,金嗓利咽丸
3180,金嗓散结丸
3181,黄氏响声丸
3182,硼酸冰片滴耳液
3183,氧化锌升华硫软膏
3184,甲硝唑凝胶
3185,维生素B6软膏
3186,当归苦参丸
3187,化瘀祛斑胶囊
3188,晕可平颗粒
3189,天麻眩晕宁合剂
3190,晕可平糖浆
3191,甲磺酸倍他司汀片
3192,咽炎片
3193,银黄软胶囊
3194,银黄胶囊
3195,众生胶囊
3196,冬凌草片
3197,银黄含化片
3198,藏青果喉片
3199,银黄颗粒
3200,银黄含化滴丸
3201,荆菊感冒片
3202,众生片
3203,六味丁香片
3204,西地碘含片
3205,黄氏响声含片
3206,金鸣片
3207,儿童型
3208,藏青果颗粒
3209,桂林西瓜霜
3210,金果饮咽喉片
3211,喉疾灵胶囊
3212,金玄利咽颗粒
3213,咽立爽口含滴丸
3214,甲氨蝶呤注射液
3215,克林霉素磷酸酯注射液
3216,清瘟解毒片
3217,抗病毒软胶囊
3218,喉疾灵片
3219,溶菌酶含片
3220,酮康唑乳膏
3221,盐酸特比萘芬溶液
3222,硝酸益康唑乳膏
3223,硝酸益康唑溶液
3224,糠酸莫米松乳膏
3225,玉簪清咽十五味散
3226,金嗓散结胶囊
3227,金嗓散结颗粒
3228,金嗓散结片
3229,喉舒宁胶囊
3230,甘桔冰梅片
3231,牛磺酸颗粒
3232,心脑康胶囊
3233,小柴胡颗粒
3234,右美沙芬缓释混悬液
3235,十八味党参丸
3236,沙利度胺片
3237,葡萄糖酸氯己定软膏
3238,伤科灵喷雾剂
3239,万宝油
3240,紫花烧伤膏
3241,跌打万花油
3242,维胺酯胶丸
3243,尿素软膏
3244,地奈德乳膏
3245,齿痛消炎灵颗粒
3246,金栀洁龈含漱液
3247,复方庆大霉素膜
3248,唇齿清胃丸
3249,喉康散
3250,口炎清胶囊
3251,口腔炎喷雾剂
3252,维生素B2注射液
3253,四维他胶囊
3254,注射用核黄素磷酸钠
3255,核黄素磷酸钠注射液
3256,三乙醇胺乳膏
3257,盐酸奥洛他定胶囊
3258,门冬氨酸钙口服溶液
3259,复方四环素泼尼松膜
3260,甲硝唑口颊片
3261,人工牛黄甲硝唑胶囊
3262,糠甾醇片
3263,固齿散
3264,头孢羟氨苄分散片
3265,咽炎清片
3266,化毒丹
3267,口炎清片
3268,三维樟柳碱膜
3269,头孢呋辛酯颗粒
3270,氯霉素耳丸
3271,甲硝唑口腔粘贴片
3272,复方盐酸阿替卡因注射液
3273,丁细牙痛胶囊
3274,氨基比林咖啡因片
3275,速效牙痛宁酊
3276,痤疮软膏
3277,盐酸奥布卡因凝胶
3278,复方延胡索喷雾剂
3279,复方牙痛宁搽剂
3280,清火栀麦片
3281,栀子金花丸
3282,朱砂莲胶囊
3283,清胃黄连丸
3284,盐酸左氧氟沙星注射液
3285,生精片
3286,龙鹿丸
3287,五子衍宗口服液
3288,仙鹿口服液
3289,黄精赞育胶囊
3290,生精胶囊
3291,龙鹿胶囊
3292,恩曲他滨胶囊
3293,富马酸替诺福韦二吡呋酯片
3294,更昔洛韦分散片
3295,更昔洛韦胶囊
3296,唐草片
3297,利福布汀胶囊
3298,恩曲他滨替诺福韦片
3299,金酸萍颗粒
3300,叶下珠片
3301,注射用盐酸多西环素
3302,小儿疳积糖
3303,小儿康颗粒
3304,冰黄软膏
3305,红霉素肠溶微丸胶囊
3306,利巴韦林气雾剂
3307,重组人干扰素α-2b凝胶
3308,盐酸伐昔洛韦分散片
3309,喷昔洛韦乳膏
3310,麻疹风疹联合减毒活疫苗
3311,麻疹、腮腺炎、风疹减毒活疫苗
3312,人二倍体细胞
3313,抗腮腺炎注射液
3314,防风通圣颗粒
3315,麻疹腮腺炎风疹联合减毒活疫苗
3316,肺结核丸
3317,氢溴酸右美沙芬颗粒
3318,内消瘰疬片
3319,内消瘰疬丸
3320,清开灵注射液
3321,葡萄糖酸锑钠注射液
3322,聚甲酚磺醛凝胶
3323,鬼臼毒素酊
3324,斑蝥素乳膏
3325,咪喹莫特乳膏
3326,地鼠肾细胞
3327,抗狂犬病血清
3328,Vero细胞
3329,鸡胚细胞
3330,狂犬病人免疫球蛋白
3331,人用狂犬病疫苗(Vero细胞)
3332,磺胺甲噁唑片
3333,注射用盐酸头孢吡肟
3334,磺胺嘧啶片
3335,凝结芽孢杆菌活菌片
3336,盐酸洛哌丁胺胶囊
3337,酪酸梭菌活菌胶囊
3338,肠舒止泻胶囊
3339,补脾益肠丸
3340,青蒿琥酯片
3341,蒿甲醚注射液
3342,乙胺嘧啶片
3343,磷酸伯氨喹片
3344,注射用青蒿琥酯
3345,柴胡注射液
3346,复方磷酸萘酚喹片
3347,复方奎宁注射液
3348,磷酸氯喹片
3349,注射用硫酸头孢匹罗
3350,阿莫西林克拉维酸钾干混悬剂
3351,盐酸伐昔洛韦胶囊
3352,十三味红花丸
3353,盐酸伐昔洛韦缓释片
3354,泛昔洛韦分散片
3355,阿昔洛韦胶囊
3356,盐酸伐昔洛韦片
3357,羚珠散
3358,复方甲苯咪唑片
3359,氟胞嘧啶片
3360,两性霉素B阴道泡腾片
3361,灭菌结晶磺胺
3362,氟康唑颗粒
3363,酮康唑胶囊
3364,炎宁颗粒
3365,苦木注射液
3366,黄芩素铝胶囊
3367,双黄消炎片
3368,雪胆素胶囊
3369,连蒲双清片
3370,速效止泻胶囊
3371,止痢宁片
3372,凉血祛风糖浆
3373,金蝉止痒胶囊
3374,复方木尼孜其颗粒
3375,斑秃丸
3376,米诺地尔搽剂
3377,米诺地尔酊
3378,米诺地尔溶液
3379,除脂生发片
3380,参归生发酊
3381,养血生发胶囊
3382,精乌片
3383,胱氨酸片
3384,氨苯砜片
3385,克拉霉素缓释胶囊
3386,复方吲哚美辛酊
3387,玫芦消痤膏
3388,成膜型
3389,硼酸软膏
3390,日晒防治膏
3391,利多卡因氯己定气雾剂(成膜型)
3392,复方酮康唑软膏
3393,顽癣净
3394,复方苯甲酸酊
3395,足光散
3396,复方硫黄乳膏
3397,珊瑚癣净
3398,复方酮康唑乳膏
3399,复方土槿皮酊
3400,罗浮山百草油
3401,烧伤肤康液
3402,氧化锌软膏
3403,六一散
3404,维儿康洗液
3405,金银花露
3406,金银花口服液
3407,痱子粉
3408,复方醋酸氯己定喷剂
3409,酮康唑洗剂
3410,盐酸特比萘芬喷雾剂
3411,复方酮康唑发用洗剂
3412,肤疾洗剂
3413,维胺颗粒
3414,13
3415,口服葡萄糖
3416,五维赖氨酸口服溶液
3417,小儿五维赖氨酸糖浆
3418,盐酸萘替芬溶液
3419,硝酸咪康唑散
3420,复方克霉唑乳膏
3421,克霉唑溶液
3422,盐酸赛庚啶乳膏
3423,郁金银屑片
3424,倍他米松新霉素乳膏
3425,复方醋酸地塞米松凝胶
3426,丁香罗勒油乳膏
3427,小败毒膏
3428,田七花叶颗粒
3429,消炎癣湿药膏
3430,异维A酸胶丸
3431,沙利度胺胶囊
3432,复方珍珠暗疮片
3433,阿维A胶囊
3434,曲安奈德新霉素贴膏
3435,卡泊三醇软膏
3436,紫丹银屑胶囊
3437,癣药膏
3438,冰黄肤乐软膏
3439,消银片
3440,复方氨肽素片
3441,盐酸环丙沙星片
3442,盐酸左氧氟沙星分散片
3443,外用重组人碱性成纤维细胞生长因子
3444,小牛血去蛋白提取物注射液
3445,冻疮消酊
3446,丁苯羟酸乳膏
3447,盐酸西替利嗪滴剂
3448,尿素乳膏
3449,复方人参间苯二酚搽剂
3450,米诺地尔喷雾剂
3451,复方斯亚旦生发酊
3452,滋补生发片
3453,六味防脱生发酊
3454,固肾生发丸
3455,醋酸环丙孕酮片
3456,曲克芦丁口服溶液
3457,软皂
3458,他卡西醇软膏
3459,银屑灵
3460,复方地蒽酚软膏
3461,银屑颗粒
3462,五妙水仙膏
3463,盐酸依匹斯汀片
3464,复方水杨酸樟碘溶液Ⅰ
3465,盐酸奥洛他定片
3466,花藤子颗粒
3467,富马酸依美斯汀缓释胶囊
3468,乌蛇止痒丸
3469,水牛角浓缩粉
3470,盐酸依匹斯汀胶囊
3471,肝素钠维E乳膏
3472,赛庚啶乳膏
3473,硫酸链霉素注射液
3474,吡拉西坦颗粒
3475,中风回春胶囊
3476,重酒石酸卡巴拉汀胶囊
3477,氢溴酸加兰他敏片
3478,盐酸美金刚片
3479,盐酸多奈哌齐分散片
3480,注射用奥拉西坦
3481,盐酸多奈哌齐口腔崩解片
3482,氢溴酸加兰他敏分散片
3483,氟哌啶醇注射液
3484,富马酸喹硫平片
3485,盐酸氯丙嗪注射液
3486,盐酸曲唑酮片
3487,枸橼酸坦度螺酮胶囊
3488,盐酸丁螺环酮片
3489,盐酸阿米替林片
3490,盐酸硫必利氯化钠注射液
3491,注射用盐酸硫必利
3492,双葛醒脾和胃胶囊
3493,盐酸硫必利注射液
3494,牛黄宁宫片
3495,奋乃静注射液
3496,盐酸舍曲林分散片
3497,盐酸舍曲林胶囊
3498,碳酸锂缓释片
3499,红芪口服液
3500,舒肝和胃丸
3501,五味安神颗粒
3502,香茯益血口服液
3503,乌鸡桂圆养血口服液
3504,多酶片
3505,戊酸雌二醇片
3506,戊酸雌二醇片/雌二醇环丙孕酮片复合包装
3507,氢溴酸加兰他敏缓释片
3508,脑乐静
3509,脑力静胶囊
3510,金黄抱龙丸
3511,利舒康胶囊
3512,大花红景天口服液
3513,智杞颗粒
3514,维生素Ｃ片
3515,依地酸钙钠注射液
3516,硫代硫酸钠注射液
3517,二巯丙磺钠注射液
3518,依地酸钙钠片
3519,救急散
3520,注射用二丁酰环磷腺苷钙
3521,头孢氨苄颗粒
3522,复方维生素B12溶液
3523,丹佛胃尔康颗粒
3524,亮菌口服溶液
3525,胃乐舒口服液
3526,维酶素片
3527,温胃舒泡腾片
3528,猴头菌片
3529,康肾颗粒
3530,注射用复合辅酶
3531,西罗莫司片
3532,他克莫司胶囊
3533,吗替麦考酚酯胶囊
3534,吗替麦考酚酯分散片
3535,苯噻啶片
3536,汉桃叶片
3537,天舒胶囊
3538,安络痛片
3539,对氨基水杨酸钙片
3540,伤湿祛痛膏
3541,麝香狗皮膏
3542,磷酸川芎嗪滴丸
3543,三七通舒胶囊
3544,甜梦口服液
3545,苯甲酸雌二醇注射液
3546,甲硝唑阴道凝胶
3547,氧氟沙星栓
3548,硝呋太尔片
3549,硝呋太尔胶囊
3550,乳酸菌阴道胶囊
3551,洁阴康洗液
3552,苯西卤铵乳膏
3553,紫草婴儿软膏
3554,珠珀惊风散
3555,羚羊角口服液
3556,牛黄清宫丸
3557,安脑丸
3558,八宝惊风散
3559,马应龙八宝眼膏
3560,仙乐雄胶囊
3561,枸橼酸氯米芬片
3562,五子衍宗片
3563,二妙丸
3564,日舒安洗液
3565,十八味欧曲丸
3566,新霉素氟轻松乳膏
3567,苯磺贝他斯汀片
3568,丁酸氯倍他松乳膏
3569,森林脑炎灭活疫苗
3570,清热醒脑灵丸
3571,丹芎瘢痕涂膜
3572,复方肝素钠尿囊素凝胶
3573,竹红菌素软膏
3574,复方麝香草酚撒粉
3575,小儿复方麝香草酚撒粉
3576,硝酸奥昔康唑乳膏
3577,至宝三鞭酒
3578,生脉饮
3579,苯甲酸雌二醇软膏
3580,复方聚维酮碘搽剂
3581,补肾壮骨口服液
3582,虚汗停胶囊
3583,乌洛托品溶液
3584,至宝三鞭丸
3585,芪斛楂颗粒
3586,参术儿康糖浆
3587,桂龙药膏
3588,锁精丸
3589,防衰益寿丸
3590,玉屏风口服液
3591,盐酸特比萘芬乳膏
3592,麝香活血化瘀膏
3593,硫酸锌颗粒
3594,稀甘油
3595,尿素维E乳膏
3596,愈裂贴膏
3597,紫归治裂膏
3598,复方乳酸乳膏
3599,荣发胶囊
3600,生发丸
3601,腋臭粉
3602,糠酸莫米松洗剂
3603,鱼鳞病片
3604,参归润燥搽剂
3605,复方硝酸溶液
3606,盐酸氟西汀分散片
3607,磷酸奥司他韦胶囊
3608,磷酸奥司他韦颗粒
3609,复方角菜酸酯乳膏
3610,痔疮止血颗粒
3611,乳癖散结胶囊
3612,乳疾灵胶囊
3613,小金片
3614,乳宁丸
3615,乳宁颗粒
3616,消乳散结胶囊
3617,倍他胡萝卜素胶丸
3618,倍他胡萝卜素咀嚼片
3619,天然胡萝卜素胶丸
3620,倍他胡萝卜素胶囊
3621,痛风舒胶囊
3622,别嘌醇缓释片
3623,独活止痛搽剂
3624,伤科活血酊
3625,麝香舒活灵
3626,片仔癀
3627,痛肿灵
3628,云南白药创可贴
3629,盐酸安妥沙星片
3630,复方珍珠解毒口服液
3631,十八味诃子丸
3632,白金丸
3633,左乙拉西坦片
3634,伊来西胺片
3635,医痫丸
3636,局方
3637,细辛脑胶囊
3638,天麻蜜环菌片
3639,对乙酰氨基酚颗粒
3640,小儿黄龙颗粒
3641,乐儿康颗粒
3642,盐酸环丙沙星凝胶
3643,颈痛颗粒
3644,芪葛颗粒
3645,龙骨颈椎胶囊
3646,颈痛胶囊
3647,芪葛口服液
3648,大山楂丸
3649,大黄碳酸氢钠片
3650,五维牛磺酸口服溶液
3651,己酮可可碱肠溶片
3652,灯盏细辛合剂
3653,参皇乳膏
3654,汉防己甲素注射液
3655,福多司坦胶囊
3656,福多司坦片
3657,L-赖氨酸盐酸盐颗粒
3658,食母生片
3659,干酵母片
3660,人纤维蛋白原
3661,清咽滴丸
3662,小儿咽扁颗粒
3663,清开灵口服液
3664,复方鱼腥草合剂
3665,蓝芩口服液
3666,盐酸克林霉素葡萄糖注射液
3667,盐酸克林霉素氯化钠注射液
3668,泛昔洛韦胶囊
3669,青鹏膏剂
3670,连翘败毒片
3671,利巴韦林口服溶液
3672,复方甘菊利多卡因凝胶
3673,硫酸依替米星注射液
3674,注射用头孢米诺钠
3675,阿奇霉素肠溶片
3676,调经养颜片
3677,排毒养颜片
3678,石膏二十五味散
3679,注射用阿洛西林钠
3680,小牛血去蛋白提取物眼凝胶
3681,小牛血去蛋白提取物滴眼液
3682,盐酸阿普林定片
3683,吡诺克辛滴眼液
3684,金花明目丸
3685,障翳散
3686,氨碘肽滴眼液
3687,吡诺克辛钠滴眼液
3688,布林佐胺滴眼液
3689,注射用硼替佐米
3690,注射用伏立康唑
3691,伊曲康唑注射液
3692,注射用醋酸卡泊芬净
3693,伏立康唑胶囊
3694,活血解毒丸
3695,乳结泰胶囊
3696,甲磺酸双氢麦角毒碱片
3697,结石通片
3698,结石通茶
3699,八正合剂
3700,盐酸丁氯喘片
3701,牛痘疫苗接种家兔炎症皮肤提取物注射液
3702,卡莫司汀注射液
3703,卡左双多巴控释片
3704,盐酸布替萘芬乳膏
3705,氟氯西林钠阿莫西林胶囊
3706,盐酸左氧氟沙星滴眼液
3707,阿托品异丙嗪注射液
3708,氢溴酸山莨菪碱片
3709,硬脂酸红霉素胶囊
3710,注射用醋酸兰瑞肽
3711,注射用尿促卵泡激素
3712,小儿功劳止泻颗粒
3713,小儿腹泻宁糖浆
3714,抱龙丸
3715,乳酸菌素颗粒
3716,舒腹贴膏
3717,小儿健脾散
3718,健胃固肠散
3719,小儿腹泻散
3720,小儿喜食片
3721,儿泻停颗粒
3722,婴儿健脾散
3723,小儿止泻安颗粒
3724,小儿复方鸡内金散
3725,夫西地酸乳膏
3726,四环素软膏
3727,盐酸苯乙双胍片
3728,克林霉素磷酸酯凝胶
3729,解毒凉血合剂
3730,凉血解毒颗粒
3731,姜黄消痤搽剂
3732,过氧苯甲酰凝胶
3733,维胺酯维E乳膏
3734,增抗宁片
3735,注射用阿魏酸钠
3736,吸入用伊洛前列素溶液
3737,阿魏酸钠注射液
3738,波生坦片
3739,羧甲淀粉钠溶液
3740,卡介菌多糖核酸注射液
3741,硫酸沙丁胺醇雾化吸入溶液
3742,尼可地尔片
3743,醋酸甲地孕酮片
3744,炔诺酮片
3745,益坤宁片
3746,雌二醇屈螺酮片
3747,解郁安神片
3748,更年安胶囊
3749,加味逍遥胶囊
3750,谷维素双维B片
3751,复方双花口服液
3752,磷霉素钙片
3753,清热散结胶囊
3754,西黄胶囊
3755,解毒散结胶囊
3756,阿莫西林克拉维酸钾(4:1)分散片
3757,复方脑肽节苷脂注射液
3758,注射用盐酸多柔比星
3759,骨痛灵酊
3760,盐酸左旋咪唑糖浆
3761,益气补血片
3762,金薯叶止血合剂
3763,丹葶肺心颗粒
3764,祛痰止咳颗粒
3765,复方丹参含片
3766,丹红注射液
3767,补肺活血胶囊
3768,补金片
3769,冠心康胶囊
3770,喘嗽宁片
3771,肌注
3772,牛尾蒿油软胶囊
3773,尿素贴膏
3774,当归调经颗粒
3775,18注射液
3776,TPF-FOS
3777,肠内营养混悬液(TP-MCT)
3778,钆双胺注射液
3779,十复生胶囊
3780,盐酸丁丙诺啡舌下片
3781,益安回生口服液
3782,安君宁
3783,盐酸可乐定滴丸
3784,福康片
3785,盐酸可乐定片
3786,济泰片
3787,天草颗粒
3788,盐酸纳曲酮片
3789,扶正康颗粒
3790,灵益胶囊
3791,盐酸苯氨咪唑啉片
3792,复方丹参片
3793,小儿双磺甲氧苄啶颗粒
3794,苏黄止咳胶囊
3795,贝美前列素滴眼液
3796,拉坦噻吗滴眼液
3797,贝美素噻吗洛尔滴眼液
3798,曲伏前列素滴眼液
3799,盐酸倍他洛尔滴眼液
3800,鱼肝油
3801,舒筋丸
3802,追风舒经活血片
3803,天和追风膏
3804,盐酸赛庚啶片
3805,注射用甲硝唑磷酸二钠
3806,低分子肝素钠注射液
3807,抗骨增生颗粒
3808,紫灯片
3809,藻酸双酯钠注射液
3810,氨甲苯酸注射液
3811,复方金钱草颗粒
3812,烟酰胺片
3813,泛酸钙片
3814,格列吡嗪缓释片
3815,甘精胰岛素注射液
3816,预混30R
3817,30/70
3818,精蛋白锌重组人胰岛素混合注射液
3819,30/70混合重组人胰岛素注射液
3820,50/50
3821,精蛋白锌重组人胰岛素注射液
3822,重组甘精胰岛素注射液
3823,精蛋白重组人胰岛素注射液
3824,门冬胰岛素30注射液
3825,重组人胰岛素注射液
3826,磺胺醋酰钠滴眼液
3827,聚维酮碘凝胶
3828,维生素C咀嚼片
3829,断血流分散片
3830,降脂通便胶囊
3831,轻身减肥胶囊
3832,盐酸西布曲明胶囊
3833,复方枸橼酸铁铵糖浆
3834,妇女痛经颗粒
3835,八珍片
3836,田七痛经胶囊
3837,调经止痛胶囊
3838,温经活血片
3839,复方银耳鱼肝油
3840,维生素AD滴剂(胶囊型)
3841,根痛平颗粒
3842,倍他米松乳膏
3843,克霉唑倍他米松乳膏
3844,复方苁蓉益智胶囊
3845,天智颗粒
3846,盐酸罂粟碱氯化钠注射液
3847,两面针镇痛片
3848,氯诺昔康片
3849,乌金活血止痛胶囊
3850,洛芬待因片
3851,氢溴酸高乌甲素片
3852,蟾乌凝胶膏
3853,洛芬待因缓释片
3854,氟比洛芬酯注射液
3855,唑来膦酸注射液
3856,酮洛芬肠溶胶囊
3857,注射用因卡膦酸二钠
3858,高乌甲素贴片
3859,乌金活血止痛片
3860,甲芬那酸胶囊
3861,盐酸维拉帕米注射液
3862,复方卡托普利片
3863,猫爪草胶囊
3864,胆汁槟榔维B1胶囊
3865,秋水仙碱片
3866,天麻丸
3867,重组人干扰素α2a栓
3868,重组人干扰素α2а栓
3869,复方紫荆皮水杨酸溶液
3870,维U颠茄铝镁片
3871,复方氢氧化铝片
3872,酒石酸罗格列酮片
3873,格列齐特缓释片
3874,参芪降糖胶囊
3875,伏格列波糖胶囊
3876,参芪降糖颗粒
3877,盐酸吡格列酮分散片
3878,参花消渴茶
3879,格列美脲片
3880,金芪降糖片
3881,罗格列酮钠片
3882,津力达颗粒
3883,盐酸氨溴索胶囊
3884,盐酸氨溴索糖浆
3885,盐酸氨溴索缓释胶囊
3886,细辛脑片
3887,盐酸普萘洛尔片盐酸地尔硫
3888,盐酸赖氨酸氯化钠注射液
3889,豨蛭络达胶囊
3890,参龟固本酒
3891,微达康颗粒
3892,脑灵胶囊
3893,参地益肾口服液
3894,五加参颗粒
3895,贞蓉丹合剂
3896,参南星口服液
3897,参归养血片
3898,枣参安神胶囊
3899,枣椹安神口服液
3900,参茯胶囊
3901,厄贝沙坦分散片
3902,阿托伐他汀钙片
3903,龙灯胶囊
3904,复方地龙片
3905,培元通脑胶囊
3906,二十五味珍珠丸
3907,复方地西泮片
3908,盐酸阿罗洛尔片
3909,注射用酚磺乙胺
3910,酚磺乙胺氯化钠注射液
3911,洛伐他汀胶囊
3912,洛伐他汀片
3913,氟伐他汀钠缓释片
3914,多烯酸乙酯软胶囊
3915,舒心宁片
3916,冠脉康片
3917,匹伐他汀钙片
3918,苯扎贝特分散片
3919,普伐他汀钠片
3920,普罗布考片
3921,阿托伐他汀钙分散片
3922,薯蓣皂苷片
3923,黄莪胶囊
3924,加味青娥丸
3925,金刚片
3926,华蟾素片
3927,云芝胞内糖肽胶囊
3928,盐酸阿莫罗芬搽剂
3929,脉络宁颗粒
3930,前列地尔注射液
3931,盐酸普罗帕酮注射液
3932,复方银杏叶萃取物胶囊
3933,速效心痛滴丸
3934,果糖二磷酸钠片
3935,冠心苏合丸
3936,妇宁康胶囊
3937,儿童回春颗粒
3938,注射用维生素B6
3939,硝酸异山梨酯注射液
3940,维生素B6注射液
3941,牛磺酸滴眼液
3942,重组人白介素-2注射液
3943,儿童回春丸
3944,人免疫球蛋白
3945,小儿化毒散
3946,板蓝根软胶囊
3947,板蓝根注射液
3948,小儿化毒胶囊
3949,桔梗八味颗粒
3950,五粒回春丸
3951,氟康唑氯化钠注射液
3952,五味麝香丸
3953,生尔发糖浆
3954,盐酸莫雷西嗪片
3955,稀戊二醛溶液
3956,氯贝酸铝片
3957,盐酸丁咯地尔口服溶液
3958,盐酸布比卡因注射液
3959,氯化氨基汞软膏
3960,夫西地酸钠软膏
3961,黄体酮阴道缓释凝胶
3962,黄体酮栓
3963,明珠口服液
3964,小儿善存片
3965,磷[32P]酸钠盐口服溶液
3966,氟米龙滴眼液
3967,伤痛舒
3968,盐酸安非他酮缓释片
3969,酒石酸伐尼克兰片
3970,参附脱毒胶囊
3971,盐酸洛非西定片
3972,咳克平胶囊
3973,复方愈创木酚磺酸钾口服溶液
3974,枸橼酸喷托维林糖浆
3975,百花定喘片
3976,托吡酯胶囊
3977,左乙拉西坦口服溶液
3978,奥卡西平口服混悬液
3979,那他霉素滴眼液
3980,维生素E、C颗粒
3981,维生素E
3982,C颗粒
3983,降糖舒胶囊
3984,注射用环磷腺苷
3985,重酒石酸间羟胺注射液
3986,环磷腺苷注射液
3987,十一味甘露胶囊
3988,磷酸雌莫司汀胶囊
3989,依维莫司片
3990,参松养心胶囊
3991,注射用氯化钾
3992,心律宁片
3993,心速宁胶囊
3994,消糖灵片
3995,木丹颗粒
3996,雷贝拉唑钠肠溶胶囊
3997,尼扎替丁分散片
3998,苹果酸氯波必利片
3999,地奥心血康软胶囊
4000,银蜜片
4001,地奥心血康胶囊
4002,康尔心胶囊
4003,单硝酸异山梨酯分散片
4004,舒心通脉胶囊
4005,注射用盐酸胺碘酮
4006,盐酸胺碘酮胶囊
4007,交沙霉素片
4008,益心酮分散片
4009,冠脉宁片
4010,愈风宁心滴丸
4011,莱葛颗粒
4012,硫酸特布他林注射液
4013,肺力咳胶囊
4014,咳特灵片
4015,复方羟丙茶碱去氯羟嗪胶囊
4016,头孢羟氨苄胶囊
4017,达那唑软胶囊
4018,注射用替卡西林钠克拉维酸钾
4019,注射用阿莫西林钠克拉维酸钾
4020,2∶1
4021,囊虫丸
4022,重组人干扰素α2a注射液
4023,尼古丁咀嚼胶
4024,肾茶袋泡茶
4025,妇科分清丸
4026,温肾前列胶囊
4027,前列安通胶囊
4028,西帕依麦孜彼子胶囊
4029,谷丙甘氨酸胶囊
4030,前列平胶囊
4031,翁沥通胶囊
4032,前列泰片
4033,双石通淋胶囊
4034,卤米松/三氯生乳膏
4035,卤米松乳膏
4036,复方丹蛭片
4037,灯银脑通胶囊
4038,断血流滴丸
4039,止血宁胶囊
4040,妇科断红饮胶囊
4041,蹄甲多肽片
4042,宫血宁胶囊
4043,格列吡嗪片
4044,格列齐特胶囊
4045,甘露消渴胶囊
4046,格列吡嗪控释片
4047,格列吡嗪分散片
4048,门冬胰岛素注射液
4049,糖尿乐胶囊
4050,散结灵胶囊
4051,理气舒心片
4052,保心宁片
4053,通脉养心丸
4054,养心定悸胶囊
4055,肠泰合剂
4056,枯草杆菌活菌胶囊
4057,双歧杆菌三联活菌散
4058,小儿喜食糖浆
4059,复方丁香开胃贴
4060,香砂六君丸
4061,盐酸洛美沙星胶囊
4062,加替沙星片
4063,甲磺酸加替沙星分散片
4064,舒肝益脾胶囊
4065,阑尾灵颗粒
4066,氯芬黄敏片
4067,建曲
4068,感冒咳嗽颗粒
4069,胸腺肽肠溶胶囊
4070,毛冬青胶囊
4071,维血宁颗粒
4072,宫瘤清胶囊
4073,产后逐瘀片
4074,芪麝丸
4075,小儿抗痫胶囊
4076,门冬氨酸钾镁口服溶液
4077,美雄酮片
4078,复方尿囊素片
4079,枸橼酸铋雷尼替丁胶囊
4080,胃灵颗粒
4081,法莫替丁胶囊
4082,法莫替丁片
4083,盐酸丁咯地尔注射液
4084,注射用盐酸丁咯地尔
4085,麦角隐亭咖啡因口服液
4086,甲苯磺酸妥舒沙星片
4087,重组牛碱性成纤维细胞生长因子凝胶
4088,递法明片
4089,止渴养阴胶囊
4090,盐酸多塞平片
4091,克拉霉素干混悬剂
4092,角鲨烯胶丸
4093,注射用达卡巴嗪
4094,美沙拉秦栓剂
4095,美沙拉秦缓释颗粒剂
4096,5-氨基水杨酸肠溶片
4097,注射用英夫利西单抗
4098,林可霉素维B6乳膏
4099,九维片
4100,口服五维葡萄糖
4101,六合维生素丸
4102,夏天无胶囊
4103,温胃舒胶囊
4104,枸橼酸莫沙必利胶囊
4105,碘化油软胶囊
4106,银参通络胶囊
4107,丹参益心胶囊
4108,益脑宁片
4109,注射用重组人干扰素β-1b
4110,双唑泰阴道泡腾片
4111,克林霉素磷酸酯阴道泡腾片
4112,妇炎康分散片
4113,肝喜乐片
4114,维肝福泰片
4115,和络舒肝胶囊
4116,护肝宁片
4117,解毒止泻胶囊
4118,清泻丸
4119,消炎退热颗粒
4120,烟酰胺注射液
4121,酒石酸美托洛尔注射液
4122,左氧氟沙星氯化钠注射液
4123,卡马西平胶囊
4124,阿莫西林克拉维酸钾分散片
4125,氨茶碱缓释片
4126,小儿泄泻停颗粒
4127,乳酶生片
4128,小儿广朴止泻口服液
4129,吐泻肚痛胶囊
4130,小儿敷脐止泻散
4131,复方丁香罗勒口服混悬液
4132,小儿泻止散
4133,婴儿健脾口服液
4134,儿泻康贴膜
4135,小儿止泻片
4136,胰酶肠溶胶囊
4137,健儿糖浆
4138,维生素BT片
4139,宝宝乐
4140,芪枣健胃茶
4141,参棘软膏
4142,15AA
4143,四君子颗粒
4144,蛇胆陈皮片
4145,复方春砂颗粒
4146,复方胃蛋白酶颗粒
4147,注射用依那西普
4148,小儿复方磺胺甲噁唑片
4149,肠炎宁口服液
4150,盐酸伊达比星胶囊
4151,急支糖浆
4152,热毒宁注射液
4153,小儿解感片
4154,消食退热糖浆
4155,小儿解表止咳口服液
4156,脂降宁片
4157,人用狂犬病疫苗(鸡胚细胞)
4158,硫酸庆大霉素碳酸铋胶囊
4159,仲景胃灵胶囊
4160,温胃舒颗粒
4161,樟脑水合氯醛酊
4162,复方川芎吲哚美辛胶囊
4163,芎菊上清丸
4164,牙痛一粒丸
4165,抗菌消炎胶囊
4166,珍芪降糖胶囊
4167,外伤如意膏
4168,止血宝颗粒
4169,止血宝片
4170,甲芪肝纤颗粒
4171,肝必复胶囊
4172,乙肝清热解毒胶囊
4173,吡拉西坦注射液
4174,少腹逐瘀颗粒
4175,小儿葫芦散
4176,小儿健脾丸
4177,尼莫地平缓释胶囊
4178,破伤风人免疫球蛋白
4179,灰黄霉素片
4180,盐酸克林霉素凝胶
4181,克林霉素磷酸酯外用溶液剂
4182,复方黄柏液
4183,美诺平颗粒
4184,雌三醇乳膏
4185,葛根素滴眼液
4186,盐酸地匹福林滴眼液
4187,盐酸左布诺洛尔滴眼液
4188,丹鹿通督片
4189,养阴清肺膏
4190,枸橼酸喷托维林片
4191,咪唑立宾片
4192,麦考酚钠肠溶片
4193,荷叶丸
4194,阿伐斯汀胶囊
4195,妇科止痒胶囊
4196,柏栀祛湿喷雾剂
4197,氯喹那多/普罗雌烯阴道片
4198,妇科白带片
4199,复方岗松止痒洗液
4200,妇科止带片
4201,卡铂注射液
4202,马来酸氟吡汀胶囊
4203,盐酸异可利定片
4204,舒心降脂片
4205,多烯酸乙酯胶丸
4206,血脂平胶囊
4207,鹿丹芪胶囊
4208,降脂灵片
4209,硝酸毛果芸香碱滴眼液
4210,注射用糜蛋白酶
4211,参三七伤药胶囊
4212,人参鹿茸丸
4213,补肾丸
4214,拨云散眼药
4215,无敌药酒
4216,复方胚肝铁铵片
4217,嗣育保胎丸
4218,醋酸氟米龙滴眼液
4219,云南红药胶囊
4220,注射用血凝酶
4221,十八味杜鹃丸
4222,氢溴酸苯甲托品片
4223,左旋多巴注射液
4224,开喉剑喷雾剂(儿童型)
4225,小儿清肺化痰颗粒
4226,小儿感冒颗粒
4227,馥感啉口服液
4228,小儿消积止咳口服液
4229,小儿热速清颗粒
4230,小儿豉翘清热颗粒
4231,小儿咳嗽宁糖浆
4232,萘替芬酮康唑乳膏
4233,琥乙红霉素干混悬剂
4234,风湿定胶囊
4235,金嗓利咽片
4236,金嗓利咽颗粒
4237,当归南枣颗粒
4238,盐酸昂丹司琼片
4239,化痔胶囊
4240,肛安栓
4241,消痔灵注射液
4242,小儿化食丸
4243,肥儿疳积颗粒
4244,健儿乐颗粒
4245,宝儿康糖浆
4246,复方蛇脂软膏
4247,消银胶囊
4248,丙戊酸镁缓释片
4249,顺气补心十一味丸
4250,开光复明丸
4251,拨云锭
4252,刺五加片
4253,虚寒胃痛颗粒
4254,保和颗粒
4255,罗汉果止咳糖浆
4256,小儿感冒宁合剂
4257,小儿肺炎散
4258,复方感冒灵颗粒
4259,维C银翘胶囊
4260,枸橼酸西地那非片
4261,祛斑调经胶囊
4262,调经祛斑胶囊
4263,理气化瘀口服液
4264,景天祛斑胶囊
4265,调经祛斑片
4266,红花逍遥胶囊
4267,红花逍遥颗粒
4268,丝白祛斑软膏
4269,排毒养颜胶囊
4270,润伊容胶囊
4271,舒肝颗粒
4272,六味地黄胶囊
4273,肾康宁片
4274,板蓝根滴丸
4275,板蓝大青颗粒
4276,安胃胶囊
4277,复方甘铋镁片
4278,维U颠茄铝分散片
4279,脾胃舒丸
4280,安阳固本膏
4281,盐酸氨溴索口腔崩解片
4282,芩连片
4283,芩连丸
4284,滋肾育胎丸
4285,姜颗粒
4286,青蒿琥酯阿莫地喹片
4287,双氢青蒿素哌喹片
4288,金蝉止痒颗粒
4289,盐酸氨基葡萄糖颗粒
4290,复方杜仲健骨颗粒
4291,银翘解毒颗粒
4292,小儿清解颗粒
4293,感冒灵颗粒
4294,清热解毒颗粒
4295,芪鹿补血颗粒
4296,维血宁
4297,叶绿素铜钠片
4298,施保利通片
4299,养阴生血合剂
4300,盐酸小檗胺片
4301,当归腹痛宁滴丸
4302,沙丁胺醇气雾剂
4303,二母宁嗽丸
4304,羧甲司坦口服溶液
4305,止咳片
4306,布地奈德气雾剂
4307,橘红痰咳颗粒
4308,止血宁片
4309,苯甲酸利扎曲普坦片
4310,羚羊角散
4311,注射用硫酸镁
4312,硫酸镁葡萄糖注射液
4313,羚羊角滴丸
4314,异氟烷
4315,强筋健骨胶囊
4316,疏风活络片
4317,金药膏
4318,骨增消片
4319,盐酸芦氟沙星胶囊
4320,妇乐颗粒
4321,妇乐冲剂
4322,鬼臼根树脂溶液
4323,化瘀固精合剂
4324,前列康舒胶囊
4325,金砂五淋丸
4326,康力欣胶囊
4327,碘甘油
4328,浓替硝唑含漱液
4329,牙痛停滴丸
4330,黄连上清丸
4331,香菊片
4332,虚汗停颗粒
4333,参茸补肾片
4334,左归丸
4335,槟榔七味丸
4336,海马补肾丸
4337,更年舒片
4338,血府逐瘀片
4339,抗衰老片
4340,脑灵素片
4341,宁神灵颗粒
4342,盐酸羟苄唑滴眼液
4343,盐酸吗啉胍滴眼液
4344,熊胆粉滴眼液
4345,精氨酸布洛芬颗粒
4346,健身全鹿丸
4347,清凉止痒搽剂
4348,四圣散
4349,复方雪莲胶囊
4350,氟比洛芬巴布膏
4351,醋氯芬酸片
4352,醋氯芬酸肠溶胶囊
4353,醋氯芬酸分散片
4354,精制冠心片
4355,肝苏软胶囊
4356,注射用奈达铂
4357,盐酸拓扑替康胶囊
4358,肾骨颗粒
4359,愈酚溴新口服溶液
4360,便秘通软膏
4361,麻仁丸
4362,通便灵胶囊
4363,吉祥安坤丸
4364,盐酸金刚烷胺颗粒
4365,四季抗病毒胶囊
4366,利福平滴眼液
4367,注射用抑肽酶
4368,复方雪胆呋喃唑酮胶囊
4369,除疤膏
4370,疤痕止痒软化乳膏
4371,疤痕止痒软化膏
4372,非诺贝特胶囊(Ⅱ)
4373,血塞通分散片
4374,血塞通滴丸
4375,樟脑醑
4376,伊痛舒注射液
4377,萘普生分散片
4378,重组人表皮生长因子凝胶
4379,注射用硝卡芥
4380,山葛开胃口服液
4381,曲麦枳术丸
4382,六味生脉片
4383,TPF-T
4384,小儿健脾化积口服液
4385,肝胃气痛片
4386,消疲灵颗粒
4387,元和正胃片
4388,蛋氨酸重酒石酸胆碱片
4389,奥拉米特片
4390,普卢利沙星片
4391,酮康唑片
4392,苯甲酸苄酯搽剂
4393,苯甲酸苄酯凝胶
4394,林旦乳膏
4395,右旋糖酐20葡萄糖注射液
4396,磷酸川芎嗪氯化钠注射液
4397,血栓心脉宁胶囊
4398,脑血栓片
4399,碘糖丸
4400,碘酸钾颗粒
4401,碘化油咀嚼片
4402,碘化钾片
4403,参芪五味子糖浆
4404,氯美扎酮片
4405,盐酸罂粟碱注射液
4406,I
4407,芬布芬片
4408,注射用胰蛋白酶
4409,膦甲酸钠氯化钠注射液
4410,黄藤素片
4411,千金止带丸
4412,硫酸软骨素片
4413,心通颗粒
4414,双参补肾助阳胶囊
4415,维血康糖浆
4416,右旋糖酐铁片
4417,硫酸亚铁糖浆
4418,阿胶黄芪口服液
4419,积雪苷胶囊
4420,复方利血平片
4421,氯沙坦钾氢氯噻嗪片
4422,醋酸曲普瑞林注射液
4423,鞣柳硼三酸散
4424,复方聚乙二醇电解质散
4425,胆舒软胶囊
4426,胆石清片
4427,爱活胆通
4428,硝酸布康唑阴道乳膏
4429,依折麦布片
4430,非诺贝特胶囊
4431,注射用替卡西林钠-克拉维酸钾
4432,注射用六氟化硫微泡
4433,卡前列素氨丁三醇注射液
4434,米非司酮胶囊
4435,复方米非司酮片
4436,米索前列醇片
4437,注射用缩宫素
4438,米非司酮片
4439,胞磷胆碱钠注射液
